accountsPayable,capitalSurplus,commonStock,currency,currentAssets,currentCash,currentLongTermDebt,filingType,fiscalDate,fiscalQuarter,fiscalYear,goodwill,intangibleAssets,inventory,longTermDebt,longTermInvestments,minorityInterest,netTangibleAssets,otherAssets,otherCurrentAssets,otherCurrentLiabilities,otherLiabilities,propertyPlantEquipment,receivables,reportDate,retainedEarnings,shareholderEquity,shortTermInvestments,symbol,totalAssets,totalCurrentLiabilities,totalLiabilities,treasuryStock,id,key,subkey,date,updated
63846000000,,16935119000,USD,154106000000,76826000000,12762000000,10-Q,2020-12-26,1,2021,0,0,4973000000,99281000000,199948000000,0,66224000000,43270000000,13687000000,55899000000,56042000000,37933000000,58620000000,2021-01-28,14301000000,66224000000,13687000000,AAPL,354054000000,132507000000,287830000000,0,BALANCE_SHEET,AAPL,quarterly,1608940800000,1612292383000
42296000000,,17057620000,USD,143713000000,90943000000,13769000000,10-K,2020-09-26,4,2020,0,0,4061000000,98667000000,180175000000,0,65339000000,42522000000,11264000000,49327000000,54490000000,36766000000,37445000000,2020-10-30,14966000000,65339000000,11264000000,AAPL,323888000000,105392000000,258549000000,0,BALANCE_SHEET,AAPL,quarterly,1601078400000,1612292383000
35325000000,,17250292000,USD,140065000000,93025000000,18675000000,10-Q,2020-06-27,3,2020,0,0,3978000000,94048000000,177279000000,0,72282000000,41000000000,10987000000,41318000000,55696000000,35687000000,32075000000,2020-07-31,24136000000,72282000000,10987000000,AAPL,317344000000,95318000000,245062000000,0,BALANCE_SHEET,AAPL,quarterly,1593216000000,1612292383000
32421000000,,17440404000,USD,143753000000,94051000000,20421000000,10-Q,2020-03-28,2,2020,0,0,3334000000,89086000000,176647000000,0,78425000000,40167000000,14614000000,43252000000,56795000000,35889000000,30677000000,2020-05-01,33182000000,78425000000,14614000000,AAPL,320400000000,96094000000,241975000000,0,BALANCE_SHEET,AAPL,quarterly,1585353600000,1612292383000
45111000000,,17660160000,USD,163231000000,107162000000,15214000000,10-Q,2019-12-28,1,2020,0,0,4097000000,93078000000,177387000000,0,89531000000,40457000000,12026000000,41836000000,55848000000,37031000000,39946000000,2020-01-29,43977000000,89531000000,12026000000,AAPL,340618000000,102161000000,251087000000,0,BALANCE_SHEET,AAPL,quarterly,1577491200000,1612292383000
46236000000,,17963248000,USD,162819000000,100557000000,16240000000,10-K,2019-09-28,4,2019,0,0,4106000000,91807000000,175697000000,0,90488000000,32978000000,12352000000,43242000000,50503000000,37378000000,45804000000,2019-10-31,45898000000,90488000000,12352000000,AAPL,338516000000,105718000000,248028000000,0,BALANCE_SHEET,AAPL,quarterly,1569628800000,1612292383000
29115000000,,18282532000,USD,134973000000,94614000000,23482000000,10-Q,2019-06-29,3,2019,0,0,3355000000,84936000000,187266000000,0,96456000000,33634000000,10530000000,37107000000,51143000000,37636000000,26474000000,2019-07-31,53724000000,96456000000,10530000000,AAPL,322239000000,89704000000,225783000000,0,BALANCE_SHEET,AAPL,quarterly,1561766400000,1612292383000
30443000000,,18696284000,USD,123346000000,80092000000,22429000000,10-Q,2019-03-30,2,2019,0,0,4884000000,90201000000,218652000000,0,105860000000,34587000000,12092000000,40900000000,52165000000,38746000000,26278000000,2019-05-01,64558000000,105860000000,12092000000,AAPL,341998000000,93772000000,236138000000,0,BALANCE_SHEET,AAPL,quarterly,1553904000000,1612292383000
44293000000,,18943280000,USD,140828000000,86427000000,21741000000,10-Q,2018-12-29,1,2019,0,0,4988000000,92989000000,232891000000,0,117892000000,34686000000,12432000000,42249000000,54555000000,39597000000,36981000000,2019-01-30,80510000000,117892000000,12432000000,AAPL,373719000000,108283000000,255827000000,0,BALANCE_SHEET,AAPL,quarterly,1546041600000,1612292383000
55888000000,,19206348000,USD,131339000000,66301000000,20748000000,10-K,2018-09-29,4,2018,0,0,3956000000,93735000000,234386000000,0,107147000000,1983000000,12087000000,40230000000,47551000000,41304000000,48995000000,2018-11-05,70400000000,107147000000,12087000000,AAPL,365725000000,116866000000,258578000000,0,BALANCE_SHEET,AAPL,quarterly,1538179200000,1612292383000
38489000000,,19528668000,USD,115761000000,70970000000,17472000000,10-Q,2018-06-30,3,2018,0,0,5936000000,97128000000,233436000000,0,114949000000,22546000000,12488000000,32587000000,48174000000,38117000000,26367000000,2018-08-01,79436000000,114949000000,12488000000,AAPL,349197000000,88548000000,234248000000,0,BALANCE_SHEET,AAPL,quarterly,1530316800000,1612292384000
34311000000,,20099508000,USD,130053000000,87940000000,20478000000,10-Q,2018-03-31,2,2018,0,0,7662000000,101362000000,237449000000,0,126878000000,23086000000,12043000000,34531000000,49394000000,35077000000,22408000000,2018-05-02,91898000000,126878000000,12043000000,AAPL,367502000000,89320000000,240624000000,0,BALANCE_SHEET,AAPL,quarterly,1522454400000,1612292384000
62985000000,,20451508000,USD,143810000000,77153000000,18478000000,10-Q,2017-12-30,1,2018,5889000000,2149000000,4421000000,103922000000,262984000000,0,132161000000,13323000000,11337000000,34325000000,46337000000,33679000000,50899000000,2018-02-02,104593000000,140199000000,11337000000,AAPL,406794000000,115788000000,266595000000,0,BALANCE_SHEET,AAPL,quarterly,1514592000000,1612292384000
49049000000,,20597712000,USD,128645000000,74181000000,18473000000,10-K,2017-09-30,4,2017,5717000000,2298000000,4855000000,97207000000,246674000000,0,126032000000,10162000000,13936000000,33292000000,11747000000,33783000000,35673000000,2017-11-03,98330000000,134047000000,13936000000,AAPL,375319000000,100814000000,241272000000,0,BALANCE_SHEET,AAPL,quarterly,1506729600000,1612292384000
31915000000,,20780352000,USD,112875000000,76759000000,18475000000,10-Q,2017-07-01,3,2017,5661000000,2444000000,3146000000,89864000000,232298000000,0,124320000000,10150000000,10338000000,30912000000,11391000000,29286000000,22632000000,2017-08-02,98525000000,132425000000,10338000000,AAPL,345173000000,81302000000,212748000000,0,BALANCE_SHEET,AAPL,quarterly,1498867200000,1612292384000
28573000000,,20903164000,USD,101990000000,67101000000,13991000000,10-Q,2017-04-01,2,2017,5473000000,2617000000,2910000000,84531000000,232542000000,0,125992000000,7549000000,11367000000,30778000000,14351000000,27163000000,20612000000,2017-05-03,100925000000,134082000000,11367000000,AAPL,334532000000,73342000000,200450000000,0,BALANCE_SHEET,AAPL,quarterly,1491004800000,1612292384000
38510000000,,21194644000,USD,103332000000,60452000000,13992000000,10-Q,2016-12-31,1,2017,5423000000,2848000000,2712000000,73557000000,227809000000,0,124119000000,7390000000,12191000000,31628000000,14116000000,26510000000,27977000000,2017-02-01,100001000000,132390000000,12191000000,AAPL,331141000000,84130000000,198751000000,0,BALANCE_SHEET,AAPL,quarterly,1483142400000,1612292384000
37294000000,,21467644000,USD,106869000000,67155000000,11605000000,10-K,2016-09-24,4,2016,5414000000,3206000000,2132000000,75427000000,214817000000,0,119629000000,8757000000,8283000000,30107000000,12985000000,27010000000,29299000000,2016-10-26,96364000000,128249000000,8283000000,AAPL,321686000000,79006000000,193437000000,0,BALANCE_SHEET,AAPL,quarterly,1474675200000,1612292384000
26318000000,,21772232000,USD,93761000000,61756000000,15996000000,10-Q,2016-06-25,3,2016,5261000000,3506000000,1831000000,68939000000,211841000000,0,117774000000,7862000000,11132000000,29172000000,14076000000,25448000000,19042000000,2016-07-27,96542000000,126541000000,11132000000,AAPL,305602000000,71486000000,179061000000,0,BALANCE_SHEET,AAPL,quarterly,1466812800000,1612292384000
25098000000,,22057524000,USD,87592000000,55283000000,10498000000,10-Q,2016-03-26,2,2016,5249000000,3843000000,2281000000,69374000000,217685000000,0,121365000000,7745000000,10204000000,32669000000,14226000000,23203000000,19824000000,2016-04-27,102021000000,130457000000,10204000000,AAPL,305277000000,68265000000,174820000000,0,BALANCE_SHEET,AAPL,quarterly,1458950400000,1612292384000
33312000000,,22235720000,USD,76219000000,38074000000,9759000000,10-Q,2015-12-26,1,2016,5202000000,3924000000,2451000000,53204000000,217065000000,0,119141000000,7974000000,11073000000,33021000000,14104000000,22300000000,24621000000,2016-01-27,101494000000,128267000000,11073000000,AAPL,293284000000,76092000000,165017000000,0,BALANCE_SHEET,AAPL,quarterly,1451088000000,1612292384000
35490000000,,22587668000,USD,89378000000,41601000000,10999000000,10-K,2015-09-26,4,2015,5116000000,3893000000,2349000000,53463000000,201101000000,0,110346000000,5556000000,9539000000,34121000000,12989000000,22471000000,30343000000,2015-10-28,92284000000,119355000000,9539000000,AAPL,290479000000,80610000000,171124000000,0,BALANCE_SHEET,AAPL,quarterly,1443225600000,1612292384000
26474000000,,22919544000,USD,70953000000,34703000000,6999000000,10-Q,2015-06-27,3,2015,5044000000,3779000000,2042000000,47419000000,202198000000,0,116854000000,4081000000,9291000000,31812000000,10231000000,21149000000,19907000000,2015-07-22,98252000000,125677000000,9291000000,AAPL,273151000000,65285000000,147474000000,0,BALANCE_SHEET,AAPL,quarterly,1435363200000,1612292385000
23159000000,,23175196000,USD,67891000000,33096000000,3799000000,10-Q,2015-03-28,2,2015,4711000000,4061000000,2396000000,40072000000,193303000000,0,120234000000,3937000000,9094000000,31771000000,9562000000,20151000000,18164000000,2015-04-28,100920000000,129006000000,9094000000,AAPL,261194000000,58729000000,132188000000,0,BALANCE_SHEET,AAPL,quarterly,1427500800000,1612292385000
1331000000,,2853000000,USD,75670000000,61954000000,0,10-K,2020-12-31,4,2020,19050000000,623000000,0,0,83646000000,0,108617000000,2758000000,2381000000,13650000000,6414000000,45633000000,11335000000,2021-01-28,77345000000,128290000000,2381000000,FB,159316000000,14981000000,31026000000,0,BALANCE_SHEET,FB,quarterly,1609372800000,1612292680000
1906000000,,2850000000,USD,65799000000,55620000000,0,10-Q,2020-09-30,3,2020,19031000000,744000000,0,0,80638000000,0,97956000000,2969000000,2155000000,10038000000,7121000000,42291000000,8024000000,2020-10-30,68513000000,117731000000,2155000000,FB,146437000000,11944000000,28706000000,0,BALANCE_SHEET,FB,quarterly,1601424000000,1612292680000
1649000000,,2850000000,USD,68130000000,58240000000,0,10-Q,2020-06-30,2,2020,19029000000,859000000,0,0,71561000000,0,90559000000,3238000000,2407000000,9659000000,8303000000,39006000000,7483000000,2020-07-31,62784000000,110447000000,2407000000,FB,139691000000,11308000000,29244000000,0,BALANCE_SHEET,FB,quarterly,1593475200000,1612292680000
1541000000,,2851000000,USD,69349000000,60289000000,0,10-Q,2020-03-31,1,2020,18811000000,838000000,0,0,69022000000,0,85655000000,2887000000,1771000000,13528000000,8489000000,37127000000,7289000000,2020-04-30,59160000000,105304000000,1771000000,FB,138371000000,15069000000,33067000000,0,BALANCE_SHEET,FB,quarterly,1585612800000,1612292680000
1363000000,,2851000000,USD,66225000000,54855000000,277000000,10-K,2019-12-31,4,2019,18715000000,894000000,0,0,67151000000,0,81445000000,2759000000,1852000000,13413000000,6706000000,35323000000,9518000000,2020-01-30,55692000000,101054000000,1852000000,FB,133376000000,15053000000,32322000000,0,BALANCE_SHEET,FB,quarterly,1577750400000,1612292680000
1450000000,,2854000000,USD,62079000000,52269000000,0,10-Q,2019-09-30,3,2019,18338000000,853000000,0,0,62339000000,0,74808000000,2461000000,2137000000,11878000000,8735000000,32284000000,7673000000,2019-10-31,49789000000,93999000000,2137000000,FB,124418000000,13328000000,30419000000,0,BALANCE_SHEET,FB,quarterly,1569801600000,1612292680000
1215000000,,2855000000,USD,57961000000,48596000000,0,10-Q,2019-06-30,2,2019,18334000000,994000000,0,0,59045000000,0,69434000000,2446000000,1852000000,11764000000,8143000000,29999000000,7513000000,2019-07-25,44968000000,88762000000,1852000000,FB,117006000000,12979000000,28244000000,0,BALANCE_SHEET,FB,quarterly,1561852800000,1612292680000
1141000000,,2856000000,USD,53300000000,45243000000,0,10-Q,2019-03-31,1,2019,18333000000,1150000000,0,0,56177000000,0,67033000000,2602000000,1582000000,8767000000,6488000000,27345000000,6475000000,2019-04-25,43764000000,86516000000,1582000000,FB,109477000000,9908000000,22961000000,0,BALANCE_SHEET,FB,quarterly,1553990400000,1612292680000
820000000,,2874000000,USD,50480000000,41114000000,500000000,10-K,2018-12-31,4,2018,18301000000,1294000000,0,0,46854000000,0,64532000000,2576000000,1779000000,5697000000,5517000000,24683000000,7587000000,2019-01-31,41981000000,84127000000,1779000000,FB,97334000000,7017000000,13207000000,0,BALANCE_SHEET,FB,quarterly,1546214400000,1612292680000
1092000000,,2885000000,USD,49147000000,41206000000,0,10-Q,2018-09-30,3,2018,18304000000,1451000000,0,0,43305000000,0,60587000000,2438000000,1883000000,4370000000,6648000000,21112000000,6058000000,2018-10-31,38767000000,80342000000,1883000000,FB,92452000000,5462000000,12110000000,0,BALANCE_SHEET,FB,quarterly,1538265600000,1612292680000
859000000,,2895000000,USD,49833000000,42309000000,0,10-Q,2018-06-30,2,2018,18263000000,1573000000,0,0,40458000000,0,59546000000,2265000000,1934000000,3811000000,6239000000,18357000000,5590000000,2018-07-26,38237000000,79382000000,1934000000,FB,90291000000,4670000000,10909000000,0,BALANCE_SHEET,FB,quarterly,1530316800000,1612292680000
989000000,,2906000000,USD,50412000000,43956000000,0,10-Q,2018-03-31,1,2018,18268000000,1735000000,0,0,38533000000,0,57617000000,2319000000,1341000000,4097000000,6239000000,16211000000,5115000000,2018-04-26,36780000000,77620000000,1341000000,FB,88945000000,5086000000,11325000000,0,BALANCE_SHEET,FB,quarterly,1522454400000,1612292680000
380000000,,2909000000,USD,48563000000,41711000000,0,10-K,2017-12-31,4,2017,18221000000,1884000000,0,0,35961000000,0,54242000000,2135000000,1020000000,3380000000,6417000000,13721000000,5832000000,2018-02-01,33990000000,74347000000,1020000000,FB,84524000000,3760000000,10177000000,0,BALANCE_SHEET,FB,quarterly,1514678400000,1612292681000
697000000,,2904000000,USD,44203000000,38289000000,0,10-Q,2017-09-30,3,2017,18213000000,2050000000,0,0,34795000000,0,50945000000,2374000000,1490000000,2608000000,4485000000,12158000000,4424000000,2017-11-02,31209000000,71208000000,1490000000,FB,78998000000,3305000000,7790000000,0,BALANCE_SHEET,FB,quarterly,1506729600000,1612292681000
601000000,,2900000000,USD,40804000000,35452000000,0,10-Q,2017-06-30,2,2017,18129000000,2186000000,0,0,33039000000,0,46166000000,2096000000,1455000000,2714000000,4047000000,10628000000,3897000000,2017-07-27,27560000000,66481000000,1455000000,FB,73843000000,3315000000,7362000000,0,BALANCE_SHEET,FB,quarterly,1498780800000,1612292681000
448000000,,2891000000,USD,36930000000,32306000000,0,10-Q,2017-03-31,1,2017,18126000000,2360000000,0,0,31784000000,0,41702000000,1836000000,1209000000,2480000000,3598000000,9462000000,3415000000,2017-05-04,24175000000,62188000000,1209000000,FB,68714000000,2928000000,6526000000,0,BALANCE_SHEET,FB,quarterly,1490918400000,1612292681000
302000000,,2882000000,USD,34401000000,29449000000,0,10-K,2016-12-31,4,2016,18122000000,2535000000,0,0,30560000000,0,38537000000,1312000000,959000000,2573000000,2892000000,8591000000,3993000000,2017-02-03,21670000000,59194000000,959000000,FB,64961000000,2875000000,5767000000,0,BALANCE_SHEET,FB,quarterly,1483142400000,1612292681000
499000000,,2871000000,USD,30328000000,26140000000,0,10-Q,2016-09-30,3,2016,18085000000,2702000000,0,0,29346000000,0,33328000000,660000000,1118000000,2096000000,2964000000,7899000000,3070000000,2016-11-03,15731000000,54115000000,1118000000,FB,59674000000,2595000000,5559000000,0,BALANCE_SHEET,FB,quarterly,1475193600000,1612292681000
362000000,,2856000000,USD,27010000000,23293000000,0,10-Q,2016-06-30,2,2016,18043000000,2879000000,0,0,28729000000,0,29461000000,703000000,916000000,1849000000,3145000000,7104000000,2801000000,2016-07-28,13352000000,50383000000,916000000,FB,55739000000,2211000000,5356000000,0,BALANCE_SHEET,FB,quarterly,1467244800000,1612292681000
365000000,,2843000000,USD,23812000000,20621000000,0,10-Q,2016-03-31,1,2016,18029000000,3067000000,0,0,28263000000,0,26054000000,700000000,843000000,1444000000,3116000000,6467000000,2348000000,2016-04-28,11297000000,47150000000,843000000,FB,52075000000,1809000000,4925000000,0,BALANCE_SHEET,FB,quarterly,1459382400000,1612292681000
196000000,,2824000000,USD,21652000000,18434000000,7000000,10-K,2015-12-31,4,2015,18026000000,3246000000,0,107000000,27755000000,0,22946000000,796000000,659000000,1722000000,3157000000,5687000000,2559000000,2016-01-28,9787000000,44218000000,659000000,FB,49407000000,1925000000,5189000000,0,BALANCE_SHEET,FB,quarterly,1451520000000,1612292681000
390000000,,2808000000,USD,19139000000,15834000000,17000000,10-Q,2015-09-30,3,2015,18024000000,3437000000,0,109000000,27330000000,0,19959000000,534000000,1295000000,1385000000,3148000000,5335000000,2010000000,2015-11-05,8226000000,41420000000,1295000000,FB,46469000000,1792000000,5049000000,0,BALANCE_SHEET,FB,quarterly,1443571200000,1612292681000
321000000,,2796000000,USD,16951000000,14125000000,39000000,10-Q,2015-06-30,2,2015,18025000000,3605000000,0,110000000,27179000000,0,17822000000,594000000,1011000000,1521000000,2687000000,4955000000,1815000000,2015-07-31,7330000000,39452000000,1011000000,FB,44130000000,1881000000,4678000000,0,BALANCE_SHEET,FB,quarterly,1435622400000,1612292681000
318000000,,2784000000,USD,15004000000,12413000000,73000000,10-Q,2015-03-31,1,2015,18005000000,3774000000,0,113000000,27003000000,0,15722000000,605000000,1083000000,1355000000,2647000000,4619000000,1508000000,2015-04-23,6611000000,37501000000,1083000000,FB,42007000000,1746000000,4506000000,0,BALANCE_SHEET,FB,quarterly,1427760000000,1612292681000
254000000,,479000000,USD,7384000000,4963000000,0,10-Q,2021-03-05,1,2021,11845000000,1729000000,0,4119000000,17601000000,0,-28000000,758000000,901000000,5552000000,939000000,1530000000,1520000000,2021-03-31,20521000000,13546000000,901000000,ADBE,24985000000,5806000000,11439000000,-14451000000,BALANCE_SHEET,ADBE,quarterly,1614902400000,1617361393000
306000000,,481000000,USD,8146000000,5992000000,0,10-K,2020-11-27,4,2020,10742000000,1359000000,0,4117000000,16138000000,0,1163000000,663000000,756000000,5206000000,882000000,1517000000,1398000000,2021-01-15,19611000000,13264000000,756000000,ADBE,24284000000,5512000000,11020000000,-13546000000,BALANCE_SHEET,ADBE,quarterly,1606435200000,1611842428000
229000000,,480000000,USD,7387000000,5264000000,0,10-Q,2020-08-28,3,2020,10739000000,1445000000,0,4116000000,15027000000,0,-471000000,650000000,805000000,4901000000,859000000,1467000000,1318000000,2020-09-23,17383000000,11713000000,805000000,ADBE,22414000000,5130000000,10701000000,-12712000000,BALANCE_SHEET,ADBE,quarterly,1598572800000,1611842428000
289000000,,481000000,USD,6649000000,4351000000,0,10-Q,2020-05-29,2,2020,10695000000,1535000000,0,4114000000,14954000000,0,-1349000000,617000000,932000000,4875000000,839000000,1387000000,1366000000,2020-06-24,16428000000,10881000000,932000000,ADBE,21603000000,5164000000,10722000000,-12244000000,BALANCE_SHEET,ADBE,quarterly,1590710400000,1611842429000
265000000,,482000000,USD,6455000000,4171000000,0,10-Q,2020-02-28,1,2020,10691000000,1626000000,0,4113000000,14759000000,0,-1852000000,598000000,895000000,4963000000,846000000,1340000000,1389000000,2020-03-25,15390000000,10465000000,895000000,ADBE,21214000000,5228000000,10749000000,-11401000000,BALANCE_SHEET,ADBE,quarterly,1582848000000,1611842429000
209499000,,483725000,USD,6494925000,4176976000,3149551000,10-K,2019-11-29,4,2019,10691199000,1720565000,0,988924000,14267475000,0,-1881609000,562696000,783140000,4831888000,911885000,1293015000,1534809000,2020-01-21,14828562000,10530155000,783140000,ADBE,20762400000,8190938000,10232245000,-10615234000,BALANCE_SHEET,ADBE,quarterly,1574985600000,1611842429000
186999000,,485848000,USD,5750096000,3650788000,3148587000,10-Q,2019-08-30,3,2019,10688068000,1815625000,0,988429000,14304784000,0,-2260920000,557080000,727611000,4467380000,891311000,1244011000,1371697000,2019-09-26,13976701000,10242773000,727611000,ADBE,20054880000,7802966000,9812107000,-9874652000,BALANCE_SHEET,ADBE,quarterly,1567123200000,1611842429000
169101000,,487535000,USD,5342645000,3478979000,3145668000,10-Q,2019-05-31,2,2019,10697874000,1917149000,0,987938000,14323264000,0,-2683330000,503221000,590998000,4372328000,925295000,1205020000,1272668000,2019-06-26,13183938000,9931693000,590998000,ADBE,19665909000,7687097000,9734216000,-9158742000,BALANCE_SHEET,ADBE,quarterly,1559260800000,1611842429000
145292000,,488056000,USD,5133715000,3226257000,892754000,10-Q,2019-03-01,1,2019,10707715000,2017103000,0,3236833000,14371821000,0,-2853333000,542938000,565115000,4275690000,957822000,1104065000,1342343000,2019-03-27,12579311000,9871485000,565115000,ADBE,19505536000,5313736000,9634051000,-8414895000,BALANCE_SHEET,ADBE,quarterly,1551398400000,1611842429000
186258000,,488256000,USD,4857039000,3228962000,0,10-K,2018-11-30,4,2018,10581048000,2069001000,0,4124800000,13911643000,0,-3287935000,186522000,312499000,4114868000,933940000,1075072000,1315578000,2019-01-25,11815597000,9362114000,312499000,ADBE,18768682000,4301126000,9406568000,-7990751000,BALANCE_SHEET,ADBE,quarterly,1543536000000,1611842429000
145566000,,490025000,USD,6300913000,4944470000,0,10-Q,2018-08-31,3,2018,7136853000,669476000,0,1874654000,9094707000,0,1055596000,183821000,311936000,3646461000,867014000,1019260000,1044507000,2018-09-26,11137357000,8861925000,311936000,ADBE,15395620000,3792027000,6533695000,-7696767000,BALANCE_SHEET,ADBE,quarterly,1535673600000,1611842429000
117194000,,491914000,USD,7741444000,6334064000,0,10-Q,2018-06-01,2,2018,5823792000,320478000,0,1874057000,7421960000,0,2561313000,166234000,332503000,3611762000,854808000,993486000,1074877000,2018-06-27,10471066000,8705583000,332503000,ADBE,15163404000,3728956000,6457821000,-6990489000,BALANCE_SHEET,ADBE,quarterly,1527811200000,1611842429000
131090000,,492061000,USD,7480814000,6147970000,0,10-Q,2018-03-02,1,2018,5843899000,353740000,0,1874794000,7492671000,0,2436389000,153648000,270154000,3405379000,928194000,991674000,1062690000,2018-03-28,9830399000,8634028000,270154000,ADBE,14973485000,3536469000,6339457000,-6295081000,BALANCE_SHEET,ADBE,quarterly,1519948800000,1611842429000
113538000,,492119000,USD,7247813000,5819774000,0,10-K,2017-12-01,4,2017,5821561000,385658000,0,1881421000,7287743000,0,2252650000,143548000,210071000,3413919000,386868000,936976000,1217968000,2018-01-22,9573870000,8459869000,210071000,ADBE,14535556000,3527457000,6075687000,-6084436000,BALANCE_SHEET,ADBE,quarterly,1512086400000,1611842429000
90327000,,493426000,USD,6581057000,5368486000,0,10-Q,2017-09-01,3,2017,5820656000,420667000,0,1889218000,7325758000,0,1929111000,144626000,206384000,3125817000,354748000,939809000,1006187000,2017-09-27,9072321000,8170434000,206384000,ADBE,13906815000,3216144000,5736381000,-5791809000,BALANCE_SHEET,ADBE,quarterly,1504224000000,1611842430000
77905000,,494371000,USD,6052197000,4931513000,0,10-Q,2017-06-02,2,2017,5788703000,453834000,0,1888398000,7312703000,0,1561461000,146058000,219232000,2969991000,344959000,924108000,901452000,2017-06-28,8652752000,7803998000,219232000,ADBE,13364900000,3047896000,5560902000,-5538849000,BALANCE_SHEET,ADBE,quarterly,1496361600000,1611842430000
191484000,,494612000,USD,5755562000,4647617000,0,10-Q,2017-03-03,1,2017,5753575000,489202000,0,1884074000,7289221000,0,1345913000,224714000,257105000,2762585000,331543000,821730000,850840000,2017-03-29,8299362000,7588690000,257105000,ADBE,13044783000,2954069000,5456093000,-5245290000,BALANCE_SHEET,ADBE,quarterly,1488499200000,1611842430000
88024000,,495697000,USD,5839774000,4761300000,0,10-K,2016-12-02,4,2016,5406474000,414405000,0,1902068000,6867340000,0,1603956000,230197000,245441000,2723611000,350916000,816264000,833033000,2017-01-20,8114517000,7424835000,245441000,ADBE,12707114000,2811635000,5282279000,-5132472000,BALANCE_SHEET,ADBE,quarterly,1480636800000,1611842430000
83444000,,498584000,USD,5418710000,4446398000,0,10-Q,2016-09-02,3,2016,5433180000,454230000,0,1916591000,6948731000,0,1390536000,249797000,241146000,2422222000,428779000,811524000,731166000,2016-09-27,7714904000,7277946000,241146000,ADBE,12367441000,2505666000,5089495000,-4844706000,BALANCE_SHEET,ADBE,quarterly,1472774400000,1611842430000
75582000,,499974000,USD,5238564000,4318408000,0,10-Q,2016-06-03,2,2016,5444556000,494193000,0,1918389000,6978219000,0,1309862000,243393000,253420000,2310008000,418582000,796077000,666736000,2016-06-29,7444115000,7248611000,253420000,ADBE,12216783000,2385590000,4968172000,-4490788000,BALANCE_SHEET,ADBE,quarterly,1464912000000,1611842430000
71706000,,499125000,USD,4935390000,4097888000,0,10-Q,2016-03-04,1,2016,5389000000,518686000,0,1916831000,6961292000,0,1173516000,258730000,238295000,2160100000,401095000,794876000,599207000,2016-03-30,7221083000,7081202000,238295000,ADBE,11896682000,2231806000,4815480000,-4280749000,BALANCE_SHEET,ADBE,quarterly,1457049600000,1611842430000
93307000,,498382000,USD,4821892000,3988084000,0,10-K,2015-11-27,4,2015,5366881000,510007000,0,1907231000,6904580000,0,1124692000,240271000,161802000,2120249000,395896000,787421000,672006000,2016-01-19,7253431000,7001580000,161802000,ADBE,11726472000,2213556000,4724892000,-4267715000,BALANCE_SHEET,ADBE,quarterly,1448582400000,1611842430000
69823000,,498630000,USD,4525888000,3668733000,0,10-Q,2015-08-28,3,2015,5402159000,556810000,0,1906094000,6982507000,0,882363000,226074000,181163000,1990991000,384013000,797464000,593554000,2015-09-23,7049629000,6841332000,181163000,ADBE,11508395000,2060814000,4667063000,-4161660000,BALANCE_SHEET,ADBE,quarterly,1440720000000,1611842430000
56539000,,499290000,USD,4178397000,3413248000,0,10-Q,2015-05-29,2,2015,5388971000,583198000,0,1904376000,6986986000,0,637934000,229618000,191314000,1880494000,386949000,785199000,502617000,2015-06-24,6879444000,6610103000,191314000,ADBE,11165383000,1937033000,4555280000,-4134581000,BALANCE_SHEET,ADBE,quarterly,1432857600000,1611842430000
5581000000,,4096000000,USD,47249000000,23895000000,2504000000,10-K,2020-12-26,4,2020,26971000000,9026000000,8427000000,33897000000,105842000000,0,45041000000,4685000000,2745000000,16669000000,9559000000,56584000000,6782000000,2021-01-22,56233000000,81038000000,2745000000,INTC,153091000000,24754000000,72053000000,0,BALANCE_SHEET,INTC,quarterly,1608940800000,1611842692000
5159000000,,4188000000,USD,36785000000,18253000000,504000000,10-Q,2020-09-26,3,2020,26955000000,9881000000,9273000000,36059000000,108476000000,0,37718000000,6036000000,2119000000,16449000000,9541000000,59205000000,7140000000,2020-10-23,52159000000,74554000000,2119000000,INTC,145261000000,22112000000,70707000000,0,BALANCE_SHEET,INTC,quarterly,1601078400000,1611842692000
5045000000,,4246000000,USD,44390000000,25815000000,2254000000,10-Q,2020-06-27,2,2020,26943000000,10303000000,8969000000,36093000000,108149000000,0,44764000000,6082000000,2165000000,15182000000,9232000000,58036000000,7441000000,2020-07-24,57646000000,82010000000,2165000000,INTC,152539000000,22481000000,70529000000,0,BALANCE_SHEET,INTC,quarterly,1593216000000,1611842692000
4638000000,,4266000000,USD,41501000000,20803000000,3464000000,10-Q,2020-03-28,1,2020,26276000000,10429000000,9246000000,36455000000,106209000000,0,39649000000,5911000000,2997000000,15793000000,8979000000,56770000000,8455000000,2020-04-24,52644000000,76354000000,2997000000,INTC,147710000000,23895000000,71356000000,0,BALANCE_SHEET,INTC,quarterly,1585353600000,1611842692000
4128000000,,4319000000,USD,31239000000,13123000000,3693000000,10-K,2019-12-28,4,2019,26276000000,10827000000,8744000000,25463000000,105285000000,0,40401000000,4344000000,1713000000,14489000000,9203000000,55386000000,7659000000,2020-01-24,53523000000,77504000000,1713000000,INTC,136524000000,22310000000,59020000000,0,BALANCE_SHEET,INTC,quarterly,1577491200000,1611842693000
4809000000,,4391000000,USD,29957000000,12025000000,5200000000,10-Q,2019-09-28,3,2019,24727000000,11019000000,8638000000,23873000000,103811000000,0,38496000000,6255000000,2414000000,15055000000,8893000000,53563000000,6880000000,2019-10-25,49674000000,74242000000,2414000000,INTC,133768000000,25064000000,59526000000,0,BALANCE_SHEET,INTC,quarterly,1569628800000,1611842693000
4682000000,,4466000000,USD,29239000000,11944000000,3726000000,10-Q,2019-06-29,2,2019,24583000000,11249000000,8696000000,25336000000,101520000000,0,39115000000,6105000000,2366000000,11297000000,8988000000,51377000000,6233000000,2019-07-26,50429000000,74947000000,2366000000,INTC,130759000000,19705000000,55812000000,0,BALANCE_SHEET,INTC,quarterly,1561766400000,1611842693000
4059000000,,4492000000,USD,29060000000,12033000000,2750000000,10-Q,2019-03-30,1,2019,24521000000,11457000000,7765000000,26012000000,100398000000,0,37683000000,5661000000,2305000000,12102000000,9353000000,50040000000,6957000000,2019-04-26,49128000000,73661000000,2305000000,INTC,129458000000,18911000000,55797000000,0,BALANCE_SHEET,INTC,quarterly,1553904000000,1611842693000
3824000000,,4547000000,USD,28787000000,11650000000,1261000000,10-K,2018-12-29,4,2018,24513000000,11836000000,7253000000,25517000000,99176000000,0,38214000000,3299000000,3162000000,11541000000,9592000000,48976000000,6722000000,2019-02-01,50172000000,74563000000,3162000000,INTC,127963000000,16626000000,53400000000,0,BALANCE_SHEET,INTC,quarterly,1546041600000,1611842693000
3593000000,,4574000000,USD,29590000000,13186000000,3051000000,10-Q,2018-09-29,3,2018,24506000000,12007000000,7401000000,25338000000,98652000000,0,34970000000,3955000000,3546000000,12930000000,10362000000,47071000000,5457000000,2018-10-26,47094000000,71483000000,3546000000,INTC,128242000000,19574000000,56759000000,0,BALANCE_SHEET,INTC,quarterly,1538179200000,1611842693000
4143000000,,4649000000,USD,27603000000,12225000000,3510000000,10-Q,2018-06-30,2,2018,24351000000,12098000000,7344000000,25286000000,98369000000,0,33598000000,3690000000,3398000000,9918000000,11402000000,45914000000,4636000000,2018-07-27,45666000000,70047000000,3398000000,INTC,125972000000,17571000000,55925000000,0,BALANCE_SHEET,INTC,quarterly,1530316800000,1611842693000
4415000000,,4674000000,USD,31630000000,16197000000,3842000000,10-Q,2018-03-31,1,2018,24346000000,12355000000,7146000000,25571000000,96966000000,0,33464000000,3614000000,3408000000,11704000000,11335000000,43735000000,4879000000,2018-04-27,44418000000,70165000000,3408000000,INTC,128596000000,19961000000,58431000000,0,BALANCE_SHEET,INTC,quarterly,1522454400000,1611842693000
2928000000,,4683000000,USD,29500000000,14002000000,1776000000,10-K,2017-12-30,4,2017,24389000000,12745000000,6983000000,25903000000,93749000000,0,31885000000,2262000000,2908000000,12717000000,7860000000,41109000000,5607000000,2018-02-16,42083000000,69019000000,2908000000,INTC,123249000000,17421000000,54230000000,0,BALANCE_SHEET,INTC,quarterly,1514592000000,1611842693000
3554000000,,4688000000,USD,33154000000,17504000000,4142000000,10-Q,2017-09-30,3,2017,24389000000,13058000000,6929000000,28368000000,93934000000,0,33489000000,7112000000,2767000000,12993000000,4152000000,39472000000,5954000000,2017-10-26,42779000000,70936000000,2767000000,INTC,127088000000,20689000000,56152000000,0,BALANCE_SHEET,INTC,quarterly,1506729600000,1611842693000
3671000000,,4710000000,USD,40617000000,25929000000,4130000000,10-Q,2017-07-01,2,2017,14102000000,8867000000,6324000000,28729000000,81490000000,0,45656000000,10006000000,2967000000,10981000000,3469000000,38130000000,5397000000,2017-07-27,41670000000,68625000000,2967000000,INTC,122107000000,18782000000,53482000000,0,BALANCE_SHEET,INTC,quarterly,1498867200000,1611842693000
3221000000,,4723000000,USD,36058000000,17295000000,5073000000,10-Q,2017-04-01,1,2017,14099000000,9157000000,5801000000,21556000000,79590000000,0,43588000000,7443000000,2903000000,13011000000,3658000000,36911000000,4921000000,2017-04-27,40091000000,66844000000,2903000000,INTC,115648000000,21305000000,48804000000,0,BALANCE_SHEET,INTC,quarterly,1491004800000,1611842693000
2475000000,,4735000000,USD,35508000000,17099000000,4634000000,10-K,2016-12-31,4,2016,14099000000,9494000000,5553000000,21531000000,77819000000,0,42633000000,1826000000,2956000000,13193000000,3538000000,36171000000,4690000000,2017-02-17,40747000000,66226000000,2956000000,INTC,113327000000,20302000000,47101000000,0,BALANCE_SHEET,INTC,quarterly,1483142400000,1611842693000
3181000000,,4734000000,USD,36216000000,17769000000,3573000000,10-Q,2016-10-01,3,2016,13868000000,9524000000,5783000000,24929000000,76001000000,0,39723000000,7691000000,2612000000,13339000000,2869000000,34707000000,4952000000,2016-10-31,37645000000,63115000000,2612000000,INTC,112217000000,20093000000,49102000000,0,BALANCE_SHEET,INTC,quarterly,1475280000000,1611842693000
3420000000,,4729000000,USD,31188000000,17689000000,4560000000,10-Q,2016-07-02,2,2016,16992000000,10821000000,5800000000,24943000000,78643000000,0,33554000000,8065000000,3273000000,10731000000,3517000000,33804000000,4426000000,2016-08-01,37130000000,61367000000,3273000000,INTC,109831000000,18711000000,48464000000,0,BALANCE_SHEET,INTC,quarterly,1467417600000,1611842693000
3163000000,,4722000000,USD,27397000000,15091000000,3594000000,10-Q,2016-04-02,1,2016,16942000000,11140000000,5751000000,22669000000,78070000000,0,33092000000,7870000000,2339000000,10769000000,2851000000,32644000000,4216000000,2016-05-02,36526000000,61174000000,2339000000,INTC,105467000000,17526000000,44293000000,0,BALANCE_SHEET,INTC,quarterly,1459555200000,1611842693000
2063000000,,4721000000,USD,40356000000,25313000000,2634000000,10-K,2015-12-26,4,2015,11332000000,3933000000,5167000000,20933000000,62709000000,0,45820000000,2612000000,3053000000,10970000000,2841000000,31858000000,4787000000,2016-02-12,37614000000,61085000000,3053000000,INTC,103065000000,15667000000,41980000000,0,BALANCE_SHEET,INTC,quarterly,1451088000000,1611842694000
2449000000,,4747000000,USD,36205000000,20843000000,1129000000,10-Q,2015-09-26,3,2015,11026000000,4022000000,4965000000,20964000000,62347000000,0,42049000000,8255000000,4304000000,11502000000,2909000000,31597000000,4101000000,2015-10-28,34431000000,57097000000,4304000000,INTC,98552000000,15080000000,41455000000,0,BALANCE_SHEET,INTC,quarterly,1443225600000,1611842694000
2359000000,,4759000000,USD,26710000000,13870000000,1118000000,10-Q,2015-06-27,2,2015,11037000000,4226000000,4818000000,13021000000,63782000000,0,42432000000,6901000000,2267000000,10052000000,2996000000,32683000000,3860000000,2015-07-27,34425000000,57695000000,2267000000,INTC,90492000000,13529000000,32797000000,0,BALANCE_SHEET,INTC,quarterly,1435363200000,1611842694000
2775000000,,4741000000,USD,26466000000,14118000000,1121000000,10-Q,2015-03-28,1,2015,10766000000,4211000000,4418000000,13020000000,63100000000,0,39947000000,6603000000,2636000000,11139000000,3125000000,33296000000,3246000000,2015-04-27,32461000000,54924000000,2636000000,INTC,89566000000,15035000000,34642000000,0,BALANCE_SHEET,INTC,quarterly,1427500800000,1611842694000
252000000,,1174000000,USD,50995000000,13083000000,0,10-K,2020-12-31,4,2020,9135000000,1048000000,0,8939000000,19384000000,44000000,9836000000,1305000000,34566000000,38195000000,2930000000,1807000000,577000000,2021-02-05,12366000000,20019000000,34566000000,PYPL,70379000000,38447000000,50360000000,-8507000000,BALANCE_SHEET,PYPL,quarterly,1609372800000,1613069936000
159000000,,1172000000,USD,48704000000,14158000000,0,10-Q,2020-09-30,3,2020,9119000000,1146000000,0,8937000000,16878000000,44000000,8218000000,1417000000,31467000000,35087000000,2872000000,1757000000,482000000,2020-11-03,10809000000,18483000000,31467000000,PYPL,65582000000,35246000000,47099000000,-8242000000,BALANCE_SHEET,PYPL,quarterly,1601424000000,1611842801000
252000000,,1173000000,USD,46500000000,13048000000,0,10-Q,2020-06-30,2,2020,9118000000,1254000000,0,8934000000,16666000000,44000000,7268000000,1402000000,29871000000,33477000000,2819000000,1717000000,446000000,2020-07-30,9788000000,17640000000,29871000000,PYPL,63166000000,33729000000,45526000000,-7892000000,BALANCE_SHEET,PYPL,quarterly,1593475200000,1611842801000
217000000,,1173000000,USD,38184000000,10186000000,0,10-Q,2020-03-31,1,2020,9124000000,1369000000,0,7967000000,16082000000,44000000,5474000000,1577000000,23874000000,27232000000,2839000000,1646000000,412000000,2020-05-07,8258000000,15967000000,23874000000,PYPL,54266000000,27449000000,38299000000,-7672000000,BALANCE_SHEET,PYPL,quarterly,1585612800000,1611842801000
232000000,,1175000000,USD,38495000000,10761000000,0,10-K,2019-12-31,4,2019,6212000000,778000000,0,4965000000,12838000000,44000000,9895000000,1292000000,23327000000,26687000000,2520000000,1693000000,435000000,2020-02-06,8342000000,16885000000,23327000000,PYPL,51333000000,26919000000,34448000000,-6872000000,BALANCE_SHEET,PYPL,quarterly,1577750400000,1611842801000
193000000,,1175000000,USD,37748000000,10462000000,0,10-Q,2019-09-30,3,2019,6178000000,629000000,0,4964000000,12475000000,0,9676000000,1196000000,23392000000,26147000000,2436000000,1701000000,417000000,2019-10-25,7835000000,16483000000,23392000000,PYPL,50223000000,26340000000,33740000000,-6566000000,BALANCE_SHEET,PYPL,quarterly,1569801600000,1611842802000
199000000,,1175000000,USD,36435000000,8415000000,2499000000,10-Q,2019-06-30,2,2019,6236000000,699000000,0,0,11956000000,0,9204000000,1023000000,24475000000,27149000000,2405000000,1720000000,379000000,2019-07-25,7373000000,16139000000,24475000000,PYPL,48391000000,29847000000,32252000000,-6216000000,BALANCE_SHEET,PYPL,quarterly,1561852800000,1611842802000
226000000,,1171000000,USD,34891000000,7849000000,1999000000,10-Q,2019-03-31,1,2019,6234000000,750000000,0,0,11389000000,0,8173000000,979000000,23777000000,26410000000,2488000000,1731000000,409000000,2019-04-25,6550000000,15157000000,23777000000,PYPL,46280000000,28635000000,31123000000,-6216000000,BALANCE_SHEET,PYPL,quarterly,1553990400000,1611842802000
281000000,,1176000000,USD,32963000000,9109000000,1998000000,10-K,2018-12-31,4,2018,6284000000,825000000,0,0,10369000000,0,8277000000,565000000,21009000000,23625000000,2042000000,1724000000,313000000,2019-02-07,5880000000,15386000000,21009000000,PYPL,43332000000,25904000000,27946000000,-5511000000,BALANCE_SHEET,PYPL,quarterly,1546214400000,1611842802000
247000000,,1181000000,USD,33990000000,9587000000,2000000000,10-Q,2018-09-30,3,2018,6054000000,684000000,0,0,9734000000,0,8377000000,404000000,21879000000,24393000000,1969000000,1646000000,412000000,2018-10-23,5296000000,15115000000,21879000000,PYPL,43724000000,26640000000,28609000000,-4911000000,BALANCE_SHEET,PYPL,quarterly,1538265600000,1611842802000
201000000,,1187000000,USD,34184000000,4965000000,2000000000,10-Q,2018-06-30,2,2018,4331000000,125000000,0,0,7493000000,0,10563000000,101000000,20263000000,22608000000,1849000000,1567000000,283000000,2018-07-26,4860000000,15019000000,20263000000,PYPL,41677000000,24809000000,26658000000,-4311000000,BALANCE_SHEET,PYPL,quarterly,1530316800000,1611842802000
187000000,,1192000000,USD,34742000000,6306000000,3000000000,10-Q,2018-03-31,1,2018,4338000000,138000000,0,0,7580000000,0,10165000000,94000000,20062000000,22527000000,1967000000,1523000000,258000000,2018-04-26,4334000000,14641000000,20062000000,PYPL,42322000000,25714000000,27681000000,-3811000000,BALANCE_SHEET,PYPL,quarterly,1522454400000,1611842802000
257000000,,1205000000,USD,32645000000,5695000000,1000000000,10-K,2017-12-31,4,2017,4339000000,168000000,0,0,8129000000,0,11487000000,133000000,18955000000,21606000000,1917000000,1528000000,283000000,2018-02-07,3823000000,15994000000,18955000000,PYPL,40774000000,22863000000,24780000000,-2001000000,BALANCE_SHEET,PYPL,quarterly,1514678400000,1611842802000
0,,1202000000,USD,29437000000,4921000000,0,10-Q,2017-09-30,3,2017,4326000000,226000000,0,0,8324000000,0,10880000000,70000000,17894000000,20703000000,1626000000,1485000000,301000000,2017-10-24,3204000000,15432000000,17894000000,PYPL,37761000000,20703000000,22329000000,-1701000000,BALANCE_SHEET,PYPL,quarterly,1506729600000,1611842802000
171000000,,1202000000,USD,27035000000,4091000000,0,10-Q,2017-06-30,2,2017,4062000000,143000000,0,0,8255000000,0,10793000000,60000000,17016000000,18470000000,1651000000,1479000000,176000000,2017-07-27,2824000000,14998000000,17016000000,PYPL,35290000000,18641000000,20292000000,-1601000000,BALANCE_SHEET,PYPL,quarterly,1498780800000,1611842802000
164000000,,1203000000,USD,25425000000,4055000000,0,10-Q,2017-03-31,1,2017,4060000000,184000000,0,0,8068000000,0,10382000000,51000000,15838000000,17122000000,1581000000,1448000000,178000000,2017-04-27,2412000000,14626000000,15838000000,PYPL,33493000000,17286000000,18867000000,-1512000000,BALANCE_SHEET,PYPL,quarterly,1490918400000,1611842802000
192000000,,1207000000,USD,25733000000,4975000000,0,10-K,2016-12-31,4,2016,4059000000,211000000,0,0,7370000000,0,10442000000,79000000,15196000000,16686000000,1513000000,1482000000,214000000,2017-02-08,2069000000,14712000000,15196000000,PYPL,33103000000,16878000000,18391000000,-995000000,BALANCE_SHEET,PYPL,quarterly,1483142400000,1611842802000
174000000,,1207000000,USD,24161000000,5088000000,0,10-Q,2016-09-30,3,2016,4068000000,245000000,0,0,7195000000,0,9879000000,92000000,14071000000,15442000000,1548000000,1451000000,187000000,2016-10-25,1679000000,14192000000,14071000000,PYPL,31356000000,15616000000,17164000000,-945000000,BALANCE_SHEET,PYPL,quarterly,1475193600000,1611842802000
169000000,,1210000000,USD,23457000000,4957000000,0,10-Q,2016-06-30,2,2016,4069000000,281000000,0,0,7174000000,0,9467000000,97000000,13826000000,15054000000,1591000000,1412000000,167000000,2016-07-26,1356000000,13817000000,13826000000,PYPL,30631000000,15223000000,16814000000,-896000000,BALANCE_SHEET,PYPL,quarterly,1467244800000,1611842802000
158000000,,1216000000,USD,21968000000,4767000000,0,10-Q,2016-03-31,1,2016,4071000000,320000000,0,0,7502000000,0,9207000000,105000000,12818000000,14204000000,1510000000,1345000000,159000000,2016-04-28,1033000000,13598000000,12818000000,PYPL,29470000000,14362000000,15872000000,-596000000,BALANCE_SHEET,PYPL,quarterly,1459382400000,1611842803000
145000000,,1233000000,USD,20648000000,3411000000,0,10-K,2015-12-31,4,2015,4069000000,358000000,0,0,8233000000,0,9332000000,114000000,12916000000,13472000000,1505000000,1344000000,137000000,2016-02-11,668000000,13759000000,12916000000,PYPL,28881000000,13617000000,15122000000,0,BALANCE_SHEET,PYPL,quarterly,1451520000000,1611842803000
114000000,,1221000000,USD,20554000000,4299000000,0,10-Q,2015-09-30,3,2015,3415000000,174000000,0,0,7342000000,0,9625000000,63000000,12480000000,12958000000,1610000000,1298000000,173000000,2015-10-29,301000000,13214000000,12480000000,PYPL,27896000000,13072000000,14682000000,0,BALANCE_SHEET,PYPL,quarterly,1443571200000,1611842803000
188000000,,1218000000,USD,19713000000,4408000000,0,10-Q,2015-06-30,2,2015,3409000000,186000000,0,0,7198000000,0,9145000000,54000000,12072000000,12396000000,1587000000,1291000000,81000000,2015-07-29,0,12740000000,12072000000,PYPL,26911000000,12584000000,14171000000,0,BALANCE_SHEET,PYPL,quarterly,1435622400000,1611842803000
125000000,,1216000000,USD,21381000000,6175000000,0,10-Q,2015-03-31,1,2015,3184000000,152000000,0,0,4563000000,0,9193000000,42000000,11587000000,12672000000,618000000,1154000000,53000000,2015-06-26,0,12529000000,11587000000,PYPL,25944000000,12797000000,13415000000,0,BALANCE_SHEET,PYPL,quarterly,1427760000000,1611842803000
0,,2705375000,USD,91475138866.806,70728463633.541,2302771528.307,6-K,2020-12-31,3,2021,44900448395.333,11315672679.14,0,15709716416.812,158783649330.74,20943329809.85,87190364675.96802,14899377130.417,18232098308.854,52509526642.653,5060832835.089,22509220570.642,0,2021-02-02,85882343924.161,144698590489.824,18232098308.854,BABA,250258788197.546,54812298170.96,105560197707.722,-118298823.113,BALANCE_SHEET,BABA,quarterly,1609372800000,1613069256000
0,,2700250000,USD,76766735162.5685,60291103925.8653,719759248.2853,6-K,2020-09-30,2,2021,40541984727.1972,8276277156.8078,0,17158690543.7135,133689224878.684,16997504401.6337,77048297112.03069,9031268348.7171,14511450379.6652,37880064586.6389,3552847914.9502,17327803873.1087,0,2020-11-05,70745742796.992,127045801509.084,14511450379.6652,BABA,210455960041.253,38599823834.9242,83410158532.169,0,BALANCE_SHEET,BABA,quarterly,1601424000000,1613069257000
0,,2697625000,USD,69517085251.032,54695153874.663,642801556.4355,6-K,2020-06-30,1,2021,39178776088.656,8147152458.63,0,17105624337.159,124211531661.952,15841386629.3115,67099681642.909004,8228086310.772,12823204811.058,34460558897.174995,3558684117.5235,15770923240.5585,0,2020-08-20,64170923241.708,115532083483.465,12823204811.058,BABA,193728616912.984,35103360453.6105,78196533429.519,0,BALANCE_SHEET,BABA,quarterly,1593475200000,1613069257000
0,,2679250000,USD,65308964173.1738,51242205339.029,727123952.2524,20-F,2020-03-31,4,2020,39048277406.3492,8598374760.9482,2096300893.7754,16968482825.2056,119926356441.517,16244885861.4682,58924973881.48318,2219886571.341,5188059026.0244,33396066691.7508,1156428994.2982,14585790464.0122,4598628705.3976,2020-07-09,57318783311.7522,107855873106.862,5188059026.0244,BABA,185235320614.691,34123190644.0032,77379447507.8286,0,BALANCE_SHEET,BABA,quarterly,1585612800000,1613069257000
0,,2632250000,USD,65837357604.3092,51187217888.142,603997993.893,6-K,2019-12-31,3,2020,39697499466.2358,9278211650.9096,0,16933725014.0744,123242673938.24,16507702229.7698,57654080394.99777,7840510138.993,11648205202.7474,37005516948.258606,3994554704.0952,14547538870.704,0,2020-02-13,57777172750.0996,107746793733.352,11648205202.7474,BABA,189080031542.549,37609514942.1516,81333237809.19681,0,BALANCE_SHEET,BABA,quarterly,1577750400000,1613069257000
0,,2600000000,USD,47120578317.7921,33830713076.083,3390651318.8365,6-K,2019-09-30,2,2020,38831134186.8639,9278495225.63,0,17058113416.1726,115649915755.587,16483997750.9256,36505614816.1677,6920129139.6117,11311341940.5706,30852610886.8702,3435850645.0491,14164373944.5181,0,2019-11-01,49327905661.5596,85668865789.3815,11311341940.5706,BABA,162770494073.379,34243262205.7067,77101628283.9976,0,BALANCE_SHEET,BABA,quarterly,1569801600000,1613069257000
0,,2597000000,USD,42324226705.8064,32128502352.924,3352216461.1638,6-K,2019-06-30,1,2020,38867303539.9388,9614230789.7638,0,16946758312.074,106049688334.924,17028747011.3066,27395584546.424202,6818314206.164,9132492571.1822,27331653748.9762,3619298653.6906,13715850174.9968,0,2019-08-15,40664647280.4872,76909768727.3848,9132492571.1822,BABA,148373915040.731,30683870210.14,71464146313.34601,0,BALANCE_SHEET,BABA,quarterly,1561852800000,1613069257000
0,,2579000000,USD,40267133504.7516,30268921344.318,3347139452.7672,20-F,2019-03-31,4,2019,39471841490.202,11128575688.794,1271454112.4328,16661799766.7928,103516537576.828,17331048873.0792,22739421937.928207,2840584029.4872,4109207391.0252,27592818840.5076,1140345649.9368,13711263413.076,3275476759.062,2019-06-05,38421632908.2312,74355780714.3792,4109207391.0252,BABA,143783671081.579,30939958293.2748,69427890367.2,0,BALANCE_SHEET,BABA,quarterly,1553990400000,1613069257000
0,,2576000000,USD,38043178006.28,29162026595.2985,3316420730.202,6-K,2018-12-31,3,2019,35510794493.2435,9885003994.799,0,16463036994.0735,95407865056.3105,14542269385.4715,21609071738.372505,3687286471.1605,7731046010.463,27034964009.66,993966707.5395,13202587769.269,0,2019-01-30,33851857225.475,68046521748.943,7731046010.463,BABA,133451043062.59,30351384739.862,65404521313.6475,-56116885.931,BALANCE_SHEET,BABA,quarterly,1546214400000,1613069257000
0,,2584000000,USD,34631387395.9755,26428446646.8945,1313437181.667,6-K,2018-09-30,2,2019,29659193480.8065,7378657738.374,0,18808269036.609,85439510854.074,10742029408.5195,24333527444.479004,3807832290.366,7056048916.098,23158247199.789,946425971.8485,12669238609.4625,0,2018-11-02,30258698503.4295,62245013836.2585,7056048916.098,BABA,120070898250.049,24471684381.456,57825884413.791,-205561217.082,BALANCE_SHEET,BABA,quarterly,1538265600000,1613069257000
0,,2581000000,USD,35786183465.235,27957870894.5025,2067648169.1075,6-K,2018-06-30,1,2019,31313401283.3075,7831785579.415,0,18784446961,84510079274.67,12005285013.1375,20211400528.375008,3613590033.9525,6870668176.6275,22726009814.8825,947678369.19,11877538693.7725,0,2018-08-23,28557040392.4225,59832993582.11,6870668176.6275,BABA,120296262739.905,24793657983.99,60463269157.795,-213212533.03,BALANCE_SHEET,BABA,quarterly,1530316800000,1613069257000
0,,2560000000,USD,40857538257.5395,33437788312.929,958864887.2572,20-F,2018-03-31,4,2018,25792797379.5401,5860401489.1058,721375624.3715,19012661852.9225,73214297079.1281,11232780835.8584,26537556072.662292,2340692902.4535,3404542996.3447,20644227405.1118,483250087.5062,10576305157.4061,2683644577.4579,2018-07-27,27415932301.4997,58668119494.5027,3404542996.3447,BABA,114071835336.668,21603092292.369,55403715842.1649,-355199949.1117,BALANCE_SHEET,BABA,quarterly,1522454400000,1613069257000
0,,2557000000,USD,41075694424.314,34315023082.1512,987047605.0302,6-K,2017-12-31,3,2018,24907067710.4278,5569232771.9216,0,18813767317.5944,67845858506.0172,11790373206.666,23103374855.633007,2258252237.35,6243033998.8082,19901862141.3806,472166094.9144,9947486279.1418,0,2018-02-01,25243279365.5614,54035765739.004,6243033998.8082,BABA,108921552930.331,20888909746.4108,54885787191.3272,-341876423.4578,BALANCE_SHEET,BABA,quarterly,1514678400000,1613069258000
0,,2552000000,USD,30704876796.7056,24757689888.122,2454763737.1042,6-K,2017-09-30,2,2018,19534283938.3912,3198949797.6162,0,11308777407.0506,56140436164.9472,6741035385.6338,25604651644.491,1976444148.2106,5505926585.2034,15479820246.2106,359339841.719,7439910117.4614,0,2017-11-02,21136084418.6384,48472619066.454,5505926585.2034,BABA,86845312961.6528,17934583983.3148,38372693895.1988,-423555896.9406,BALANCE_SHEET,BABA,quarterly,1506729600000,1613069258000
0,,2543000000,USD,27468646891.8654,22490531222.8674,2424952437.3405,6-K,2017-06-30,1,2018,19089997798.8849,3370764940.7043,0,11327202624.8133,52657794282.012,6634834921.5402,21546487144.252792,1639771848.6957,4504914679.8579,13344385788.7341,364295498.3352,6472729319.5302,0,2017-08-17,18166290604.8861,44119692224.1453,4504914679.8579,BABA,80126441173.8774,15769338226.0746,36006748949.7321,-416021922.2493,BALANCE_SHEET,BABA,quarterly,1498780800000,1613069258000
0,,2536000000,USD,26516539777.9392,21908877660.3312,2164286380.7664,20-F,2017-03-31,4,2017,18221440415.904,2731182095.1888,0,11162847826.152,47114816146.6752,6149845102.896,19552236096.095993,1113597040.248,1622088839.448,11459080620.028801,280542189.7872,2935595798.4672,2387151072.1872,2017-06-15,15771672210.7296,40939546453.8192,1622088839.448,BABA,73631355924.6144,13623367000.7952,32691809470.7952,-410134956.8976,BALANCE_SHEET,BABA,quarterly,1490918400000,1613069258000
0,,2485000000,USD,24273430170.9264,20423165910.2148,1970214156.1527,6-K,2016-12-31,3,2017,17649685115.502,2540581000.1007,0,11111495086.6698,46426996905.1794,6096443788.8351,17788820057.737804,1132667894.1432,3705656101.2864,11366575814.1021,263722649.3103,2866093390.8387,0,2017-01-24,14110674074.4297,38489967788.3616,3705656101.2864,BABA,70700427076.1058,13336789970.2548,32210459287.7442,-406602424.3599,BALANCE_SHEET,BABA,quarterly,1483142400000,1613069258000
0,,2478000000,USD,20443277847.597,16646621974.576,827772352.44,6-K,2016-09-30,2,2017,18197945341.6035,2812176616.9035,0,12382844565.7125,47998199905.722,6417185195.2835,15942115722.444996,920446865.811,3766214244.8425,9284096759.4045,493964153.793,2459323655.8,0,2016-11-02,12069280799.598,37531528368.9005,3766214244.8425,BABA,68441477753.319,10111869111.8445,30909949384.418503,-423333578.0685,BALANCE_SHEET,BABA,quarterly,1475193600000,1613069258000
0,,2473000000,USD,17016206833.536,13856363671.536,704795493.848,6-K,2016-06-30,1,2017,17185634614.508,2859808530.332,0,11211424476.22,44671455124.804,5029417032.85,13847185079.494003,751741735.112,3083405051.224,8449420615.188,459982883.154,2376051589.102,0,2016-08-11,10983012956.224,34558301850.462,3083405051.224,BABA,61687661958.34,9154216109.036,27129360107.878,-424773202.206,BALANCE_SHEET,BABA,quarterly,1467244800000,1613069258000
0,,2448000000,USD,20786046432.537,17937364272.8336,667286819.1664,20-F,2016-03-31,4,2016,12658139486.7195,1278449607.5386,0,8289457332.7997,35717829321.458,5046821686.2232,19704806126.57361,926666663.1407,1251937979.7325,7400775165.6385,400620153.5144,2113023247.7739,1257674413.8192,2016-05-24,12209612356.6432,33695658786.5167,1251937979.7325,BABA,56503875753.995,8068061984.8049,22808216967.478302,0,BALANCE_SHEET,BABA,quarterly,1459382400000,1613069258000
0,,2446000000,USD,21059909952,18555199952,454701200,6-K,2015-12-31,3,2016,12584433720,1367648728,0,8256448976,35149019304,5017280936,19186386872,1287189736,2302483568,7868951072,444990632,2133858784,0,2016-01-29,11655456048,33197657544,2302483568,BABA,56208929256,8323652272,23011271712,0,BALANCE_SHEET,BABA,quarterly,1451520000000,1613069258000
0,,2461000000,USD,19172105560,16967779400,226310400,6-K,2015-09-30,2,2016,12904250440,1504178360,0,8285946680,32338341720,5112414800,15612745880,1088175840,1902736120,6545242520,410030440,1796024480,0,2015-10-27,9919939200,30078695240,1902736120,BABA,51510447280,6771552920,21431752040,0,BALANCE_SHEET,BABA,quarterly,1443571200000,1613069258000
0,,2477000000,USD,22087630089,19284780123,370864305,10-Q,2015-06-30,1,2016,5268074238,1494755073,0,8262987705,24096028131,183549177,23180410827,658222740,2425272444,6129003384,403775442,1631966679,64021167,2015-08-12,9120150900,30050324136,2425272444,BABA,46183658220,6499867689,16133334084,0,BALANCE_SHEET,BABA,quarterly,1435622400000,1613069258000
2429000000,,1134000000,USD,19792000000,12298000000,500000000,10-Q,2020-12-27,1,2021,6358000000,1541000000,2552000000,15231000000,17687000000,0,-519000000,4436000000,794000000,6294000000,5645000000,4033000000,4148000000,2021-02-03,6974000000,7380000000,794000000,QCOM,37479000000,9223000000,30099000000,0,BALANCE_SHEET,QCOM,quarterly,1609027200000,1613069938000
2248000000,,1130000000,USD,18519000000,11214000000,500000000,10-K,2020-09-27,4,2020,6323000000,1653000000,2598000000,15226000000,17075000000,0,-1899000000,3216000000,704000000,5924000000,5619000000,3711000000,4003000000,2020-11-04,5284000000,6077000000,704000000,QCOM,35594000000,8672000000,29517000000,0,BALANCE_SHEET,QCOM,quarterly,1601164800000,1613069938000
2046000000,,1127000000,USD,15558000000,10600000000,500000000,10-Q,2020-06-28,3,2020,6299000000,1749000000,2343000000,15425000000,16770000000,0,-4742000000,3890000000,768000000,5368000000,5683000000,3487000000,1847000000,2020-07-29,3081000000,3306000000,768000000,QCOM,32328000000,7914000000,29022000000,0,BALANCE_SHEET,QCOM,quarterly,1593302400000,1613069938000
2061000000,,1139000000,USD,15313000000,9946000000,2499000000,10-Q,2020-03-29,2,2020,6294000000,1889000000,1700000000,13449000000,16625000000,0,-5138000000,2899000000,586000000,5214000000,5670000000,3358000000,3081000000,2020-04-29,2990000000,3045000000,586000000,QCOM,31938000000,9774000000,28893000000,0,BALANCE_SHEET,QCOM,quarterly,1585440000000,1613069938000
1718000000,,1144000000,USD,16205000000,11423000000,2498000000,10-Q,2019-12-29,1,2020,6297000000,2045000000,1420000000,13437000000,16906000000,0,-3829000000,4139000000,625000000,4978000000,5967000000,3171000000,2737000000,2020-02-05,4376000000,4513000000,625000000,QCOM,33111000000,9194000000,28598000000,0,BALANCE_SHEET,QCOM,quarterly,1577577600000,1613069938000
1368000000,,1197000000,USD,16765000000,12260000000,2496000000,10-K,2019-09-29,4,2019,6282000000,2172000000,1400000000,13437000000,16192000000,0,-3545000000,2674000000,634000000,5071000000,5676000000,3081000000,2471000000,2019-11-06,4466000000,4909000000,634000000,QCOM,32957000000,8935000000,28048000000,0,BALANCE_SHEET,QCOM,quarterly,1569715200000,1613069938000
1587000000,,1217000000,USD,19204000000,14358000000,3000000000,10-Q,2019-06-30,3,2019,6308000000,2350000000,1774000000,13426000000,14929000000,0,-3195000000,932000000,682000000,6266000000,4391000000,3037000000,2390000000,2019-07-31,4687000000,5463000000,682000000,QCOM,34133000000,10853000000,28670000000,0,BALANCE_SHEET,QCOM,quarterly,1561852800000,1613069938000
1667000000,,1213000000,USD,16324000000,10330000000,998000000,10-Q,2019-03-31,2,2019,6299000000,2510000000,1725000000,15405000000,17699000000,0,-4943000000,980000000,631000000,7852000000,4235000000,2945000000,3638000000,2019-05-01,3309000000,3866000000,631000000,QCOM,34023000000,10517000000,30157000000,0,BALANCE_SHEET,QCOM,quarterly,1553990400000,1613069938000
1422000000,,1213000000,USD,16294000000,10315000000,998000000,10-Q,2018-12-30,1,2019,6295000000,2746000000,1698000000,15388000000,17952000000,0,-5424000000,962000000,855000000,8136000000,4685000000,2932000000,3426000000,2019-01-30,3415000000,3617000000,855000000,QCOM,34246000000,10556000000,30629000000,0,BALANCE_SHEET,QCOM,quarterly,1546128000000,1613069939000
1825000000,,1415000000,USD,17384000000,12088000000,1005000000,10-K,2018-09-30,4,2018,6498000000,2955000000,1693000000,15365000000,15302000000,0,-8525000000,883000000,699000000,8406000000,5157000000,2975000000,2904000000,2018-11-07,663000000,928000000,699000000,QCOM,32686000000,11236000000,31758000000,0,BALANCE_SHEET,QCOM,quarterly,1538265600000,1613069939000
1644000000,,1478000000,USD,44318000000,35910000000,7103000000,10-Q,2018-06-24,3,2018,6630000000,3174000000,1785000000,15378000000,17772000000,0,13264000000,4016000000,3460000000,7465000000,7432000000,3073000000,3163000000,2018-07-25,22745000000,23068000000,3460000000,QCOM,62090000000,16212000000,39022000000,0,BALANCE_SHEET,QCOM,quarterly,1529798400000,1613069939000
1454000000,,1482000000,USD,45544000000,39571000000,3733000000,10-Q,2018-03-25,2,2018,6676000000,3435000000,1797000000,19361000000,18582000000,0,13708000000,4086000000,641000000,7473000000,8286000000,3224000000,3535000000,2018-04-25,22779000000,23819000000,641000000,QCOM,64126000000,12660000000,40307000000,0,BALANCE_SHEET,QCOM,quarterly,1521936000000,1613069939000
1685000000,,1477000000,USD,40966000000,35403000000,3465000000,10-Q,2017-12-24,1,2018,6638000000,3548000000,1872000000,19381000000,23385000000,0,13738000000,4287000000,638000000,6877000000,9019000000,3224000000,3053000000,2018-01-31,23273000000,23924000000,638000000,QCOM,64351000000,12027000000,40427000000,0,BALANCE_SHEET,QCOM,quarterly,1514073600000,1613069939000
1971000000,,1475000000,USD,43593000000,37308000000,2495000000,10-K,2017-09-24,4,2017,6623000000,3737000000,2035000000,19398000000,21893000000,0,20386000000,3544000000,618000000,6441000000,4435000000,3216000000,3632000000,2017-11-01,30088000000,30746000000,618000000,QCOM,65486000000,10907000000,34740000000,0,BALANCE_SHEET,QCOM,quarterly,1506211200000,1613069939000
1508000000,,1478000000,USD,27021000000,20863000000,2495000000,10-Q,2017-06-25,3,2017,6523000000,3880000000,2002000000,19403000000,37358000000,-11000000,20891000000,4155000000,624000000,5160000000,4530000000,3164000000,3532000000,2017-07-19,30778000000,31294000000,624000000,QCOM,64379000000,9163000000,33085000000,0,BALANCE_SHEET,QCOM,quarterly,1498348800000,1613069939000
1289000000,,1477000000,USD,16908000000,9982000000,1998000000,10-Q,2017-03-26,2,2017,6497000000,4084000000,2066000000,9939000000,39171000000,-10000000,20763000000,4191000000,659000000,6858000000,4661000000,3065000000,4201000000,2017-04-19,30768000000,31344000000,659000000,QCOM,56079000000,10145000000,24735000000,0,BALANCE_SHEET,QCOM,quarterly,1490486400000,1613069939000
1648000000,,1478000000,USD,15779000000,10812000000,1749000000,10-Q,2016-12-25,1,2017,5686000000,3338000000,1910000000,9935000000,36587000000,-9000000,22191000000,4008000000,972000000,4597000000,3231000000,2270000000,2085000000,2017-01-25,30815000000,31215000000,972000000,QCOM,52366000000,7994000000,21151000000,0,BALANCE_SHEET,QCOM,quarterly,1482624000000,1613069939000
1858000000,,1476000000,USD,22981000000,18648000000,1749000000,10-K,2016-09-25,4,2016,5679000000,3500000000,1556000000,10008000000,29378000000,-10000000,22599000000,1630000000,558000000,3704000000,3272000000,2306000000,2219000000,2016-11-02,30936000000,31778000000,558000000,QCOM,52359000000,7311000000,20581000000,0,BALANCE_SHEET,QCOM,quarterly,1474761600000,1613069939000
1572000000,,1471000000,USD,20979000000,17110000000,1749000000,10-Q,2016-06-26,3,2016,5657000000,3669000000,1338000000,10024000000,29807000000,-9000000,21321000000,2143000000,592000000,3522000000,3281000000,2341000000,1939000000,2016-07-20,30134000000,30647000000,592000000,QCOM,50786000000,6843000000,20139000000,0,BALANCE_SHEET,QCOM,quarterly,1466899200000,1613069939000
1452000000,,1487000000,USD,20157000000,16402000000,1949000000,10-Q,2016-03-27,2,2016,5657000000,3896000000,1427000000,9993000000,29903000000,-8000000,20092000000,2174000000,590000000,3625000000,3404000000,2391000000,1738000000,2016-04-20,29485000000,29645000000,590000000,QCOM,50060000000,7026000000,20415000000,0,BALANCE_SHEET,QCOM,quarterly,1459036800000,1613069939000
1359000000,,1502000000,USD,20338000000,16528000000,1000000000,10-Q,2015-12-27,1,2016,5669000000,4068000000,1216000000,9950000000,29891000000,-8000000,20504000000,1991000000,664000000,4144000000,3543000000,2484000000,1323000000,2016-01-27,30172000000,30241000000,664000000,QCOM,50229000000,6503000000,19988000000,0,BALANCE_SHEET,QCOM,quarterly,1451174400000,1613069939000
1300000000,,1558000000,USD,22099000000,17321000000,1000000000,10-K,2015-09-27,4,2015,5479000000,3742000000,1492000000,9969000000,28697000000,-7000000,22200000000,1863000000,687000000,3800000000,3313000000,2534000000,1964000000,2015-11-04,31226000000,31421000000,687000000,QCOM,50796000000,6100000000,19375000000,0,BALANCE_SHEET,QCOM,quarterly,1443312000000,1613069940000
1412000000,,1608000000,USD,25928000000,21331000000,1000000000,10-Q,2015-06-28,3,2015,4259000000,2405000000,1583000000,9913000000,26367000000,-6000000,26538000000,1960000000,581000000,3671000000,3103000000,2574000000,1961000000,2015-07-22,32699000000,33202000000,581000000,QCOM,52295000000,6083000000,19093000000,0,BALANCE_SHEET,QCOM,quarterly,1435449600000,1613069940000
1683000000,,1645000000,USD,20740000000,15555000000,1096000000,10-Q,2015-03-29,2,2015,4388000000,2482000000,1861000000,0,26433000000,-5000000,30969000000,1936000000,733000000,3390000000,3170000000,2523000000,2058000000,2015-04-22,32411000000,37839000000,733000000,QCOM,47173000000,6169000000,9334000000,0,BALANCE_SHEET,QCOM,quarterly,1427587200000,1613069940000
0,,122220142,USD,6877756000,6387967000,0,40-F,2020-12-31,4,2020,311865000,135676000,0,758008000,885149000,0,5953182000,0,68247000,438332000,21006000,92104000,421542000,2021-02-17,15285000,6400723000,68247000,SHOP,7762905000,438332000,1362182000,0,BALANCE_SHEET,SHOP,quarterly,1609372800000,1613794435000
0,,120511484,USD,6788833000,6121161000,0,6-K,2020-09-30,3,2020,311865000,143925000,0,750452000,673198000,0,5721039000,0,63076000,370131000,23080000,94698000,428980000,2020-10-29,-108587000,6176829000,233576000,SHOP,7462031000,370131000,1285202000,0,BALANCE_SHEET,SHOP,quarterly,1601424000000,1613076889000
0,,118740645,USD,4389194000,4000955000,0,6-K,2020-06-30,2,2020,311865000,151254000,0,0,709245000,0,4165820000,0,66162000,320506000,6866000,95506000,322077000,2020-07-29,-299655000,4628939000,66162000,SHOP,5098439000,320506000,469500000,0,BALANCE_SHEET,SHOP,quarterly,1593475200000,1613076889000
0,,116806549,USD,2727888000,2360572000,0,6-K,2020-03-31,1,2020,311865000,159004000,0,0,743028000,0,2569982000,0,58912000,288557000,5580000,116832000,308404000,2020-05-06,-335653000,3040851000,58912000,SHOP,3470916000,288557000,430065000,0,BALANCE_SHEET,SHOP,quarterly,1585612800000,1613076889000
0,,116084014,USD,2744728000,2455194000,0,40-F,2019-12-31,4,2019,311865000,167282000,0,0,744751000,0,2536587000,0,48833000,316382000,5969000,111398000,240701000,2020-02-12,-304224000,3015734000,48833000,SHOP,3489479000,316382000,473745000,0,BALANCE_SHEET,SHOP,quarterly,1577750400000,1613076889000
0,,113086997,USD,2910832000,2667182000,0,6-K,2019-09-30,3,2019,48375000,24759000,0,0,278103000,0,2746925000,0,31184000,259741000,2115000,92141000,46691000,2019-10-29,-304995000,2820059000,31184000,SHOP,3188935000,259741000,368876000,0,BALANCE_SHEET,SHOP,quarterly,1569801600000,1613076889000
0,,112013409,USD,2211165000,2013331000,0,6-K,2019-06-30,2,2019,48375000,25314000,0,0,256133000,0,2087495000,0,36438000,193351000,2092000,84159000,45840000,2019-08-01,-232211000,2161184000,36438000,SHOP,2467298000,193351000,306114000,0,BALANCE_SHEET,SHOP,quarterly,1561852800000,1613076889000
0,,110921276,USD,2173962000,1997014000,0,6-K,2019-03-31,1,2019,43672000,24156000,0,0,228789000,0,2060090000,0,29701000,173014000,2011000,70833000,40413000,2019-04-30,-203533000,2127918000,29701000,SHOP,2402751000,173014000,274833000,0,BALANCE_SHEET,SHOP,quarterly,1553990400000,1613076890000
0,,107805414,USD,2129082000,1969670000,0,40-F,2018-12-31,4,2018,38019000,26072000,0,0,125703000,0,2026677000,0,48365000,138688000,24197000,61612000,111047000,2019-02-12,-187757000,2090768000,48365000,SHOP,2254785000,138688000,164017000,0,BALANCE_SHEET,SHOP,quarterly,1546214400000,1613076890000
0,,106647222,USD,1736986000,1578225000,2121000,6-K,2018-09-30,3,2018,22894000,26060000,0,19605000,104708000,0,1623124000,0,23444000,144826000,1744000,55754000,135317000,2018-10-25,-186243000,1672078000,23444000,SHOP,1841694000,146947000,169616000,0,BALANCE_SHEET,SHOP,quarterly,1538265600000,1613076890000
0,,105978076,USD,1706700000,1574168000,1622000,6-K,2018-06-30,2,2018,22894000,24656000,0,17333000,102357000,0,1608651000,0,20041000,130758000,1634000,54807000,112491000,2018-07-31,-163059000,1656201000,20041000,SHOP,1809057000,132380000,152856000,0,BALANCE_SHEET,SHOP,quarterly,1530316800000,1613076890000
0,,102256644,USD,1689477000,1580033000,1530000,6-K,2018-03-31,1,2018,20317000,21088000,0,16355000,93059000,0,1608484000,0,17551000,112046000,1480000,51654000,91893000,2018-05-01,-139106000,1649889000,17551000,SHOP,1782536000,113576000,132647000,0,BALANCE_SHEET,SHOP,quarterly,1522454400000,1613076890000
0,,99788186,USD,1025677000,938039000,0,40-F,2017-12-31,4,2017,20317000,17210000,0,0,87887000,0,963573000,0,32716000,94754000,16322000,50360000,54922000,2018-02-15,-123204000,1001100000,32716000,SHOP,1113564000,94754000,112464000,0,BALANCE_SHEET,SHOP,quarterly,1514678400000,1613076890000
0,,98777975,USD,1014926000,926559000,1434000,6-K,2017-09-30,3,2017,20317000,17560000,0,15317000,86482000,0,950045000,0,20302000,93976000,1218000,48605000,68065000,2017-10-31,-120217000,987922000,20302000,SHOP,1101408000,95410000,113486000,0,BALANCE_SHEET,SHOP,quarterly,1506729600000,1613076890000
0,,94290538,USD,994237000,932417000,1354000,6-K,2017-06-30,2,2017,20317000,18444000,0,12728000,82996000,0,938683000,0,16382000,82889000,1125000,44235000,45438000,2017-08-01,-110837000,977444000,16382000,SHOP,1077233000,84243000,99789000,0,BALANCE_SHEET,SHOP,quarterly,1498780800000,1613076890000
0,,90242889,USD,434301000,395690000,1333000,6-K,2017-03-31,1,2017,15504000,6722000,0,12623000,67037000,0,388638000,0,12113000,75504000,1014000,44811000,26498000,2017-05-02,-96807000,410864000,12113000,SHOP,501338000,76837000,90474000,0,BALANCE_SHEET,SHOP,quarterly,1490918400000,1613076890000
0,,89203888,USD,422898000,392414000,0,40-F,2016-12-31,4,2016,15504000,6437000,0,0,67660000,0,388535000,0,16510000,66532000,13550000,45719000,13974000,2017-02-15,-83209000,410476000,16510000,SHOP,490558000,66532000,80082000,0,BALANCE_SHEET,SHOP,quarterly,1483142400000,1613076890000
0,,84912757,USD,427375000,400287000,1223000,6-K,2016-09-30,3,2016,9302000,6867000,0,12097000,58968000,0,395353000,0,10305000,60627000,874000,42799000,16783000,2016-11-02,-74342000,411522000,10305000,SHOP,486343000,61850000,74821000,0,BALANCE_SHEET,SHOP,quarterly,1475193600000,1613076890000
0,,81349248,USD,195873000,179646000,1055000,6-K,2016-06-30,2,2016,9302000,6789000,0,11745000,55236000,0,172660000,0,7135000,48722000,836000,39145000,9092000,2016-08-03,-65222000,188751000,7135000,SHOP,251109000,49777000,62358000,0,BALANCE_SHEET,SHOP,quarterly,1467244800000,1613076890000
0,,80488495,USD,203161000,189464000,935000,6-K,2016-03-31,1,2016,2373000,5182000,0,10993000,42113000,0,183422000,0,7149000,41592000,777000,34558000,6548000,2016-05-04,-56783000,190977000,7149000,SHOP,245274000,42527000,54297000,0,BALANCE_SHEET,SHOP,quarterly,1459382400000,1613076890000
546000000,,1208000000,USD,6143000000,2290000000,0,10-K,2020-12-26,4,2020,289000000,229000000,1399000000,330000000,2819000000,0,5319000000,144000000,378000000,1871000000,177000000,641000000,2076000000,2021-01-29,-4605000000,5837000000,378000000,AMD,8962000000,2417000000,3125000000,-131000000,BALANCE_SHEET,AMD,quarterly,1608940800000,1612292413000
867000000,,1184000000,USD,5500000000,1771000000,0,10-Q,2020-09-26,3,2020,289000000,0,1292000000,373000000,1523000000,0,3578000000,364000000,303000000,1550000000,161000000,595000000,2134000000,2020-10-28,-6386000000,3867000000,303000000,AMD,7023000000,2417000000,3156000000,-126000000,BALANCE_SHEET,AMD,quarterly,1601078400000,1612292413000
994000000,,1174000000,USD,5109000000,1775000000,200000000,10-Q,2020-06-27,2,2020,289000000,0,1324000000,490000000,1474000000,0,3016000000,326000000,221000000,1240000000,150000000,585000000,1789000000,2020-07-29,-6776000000,3305000000,221000000,AMD,6583000000,2434000000,3278000000,-54000000,BALANCE_SHEET,AMD,quarterly,1593216000000,1612292414000
840000000,,1170000000,USD,4390000000,1385000000,0,10-Q,2020-03-28,1,2020,289000000,194000000,1056000000,488000000,1474000000,0,2554000000,172000000,258000000,1145000000,143000000,540000000,1691000000,2020-04-29,-6933000000,3037000000,258000000,AMD,5864000000,1985000000,2827000000,-54000000,BALANCE_SHEET,AMD,quarterly,1585353600000,1612292414000
1201000000,,1139000000,USD,4597000000,1507000000,0,10-K,2019-12-28,4,2019,289000000,210000000,982000000,486000000,1431000000,0,2328000000,169000000,249000000,1158000000,157000000,500000000,1859000000,2020-02-04,-7095000000,2827000000,249000000,AMD,6028000000,2359000000,3201000000,-53000000,BALANCE_SHEET,AMD,quarterly,1577491200000,1612292414000
978000000,,1097000000,USD,3912000000,1209000000,0,10-Q,2019-09-28,3,2019,289000000,0,1040000000,872000000,1341000000,0,1887000000,335000000,270000000,886000000,140000000,453000000,1393000000,2019-10-30,-7265000000,2176000000,270000000,AMD,5253000000,1864000000,3077000000,-53000000,BALANCE_SHEET,AMD,quarterly,1569628800000,1612292414000
1029000000,,1084000000,USD,3754000000,1128000000,0,10-Q,2019-06-29,2,2019,289000000,231000000,1015000000,1031000000,1348000000,0,1381000000,100000000,278000000,775000000,155000000,458000000,1333000000,2019-07-31,-7385000000,1901000000,278000000,AMD,5102000000,1804000000,3201000000,-50000000,BALANCE_SHEET,AMD,quarterly,1561766400000,1612292414000
930000000,,1044000000,USD,3677000000,1194000000,70000000,10-Q,2019-03-30,1,2019,289000000,0,955000000,1024000000,1254000000,0,1499000000,317000000,287000000,764000000,142000000,377000000,1241000000,2019-05-01,-7420000000,1788000000,287000000,AMD,4931000000,1764000000,3143000000,-48000000,BALANCE_SHEET,AMD,quarterly,1553904000000,1612292414000
1061000000,,1001000000,USD,3540000000,1161000000,136000000,10-K,2018-12-29,4,2018,289000000,226000000,845000000,1114000000,1016000000,0,751000000,95000000,299000000,787000000,192000000,348000000,1235000000,2019-02-08,-7436000000,1266000000,299000000,AMD,4556000000,1984000000,3290000000,-50000000,BALANCE_SHEET,AMD,quarterly,1546041600000,1612292414000
1041000000,,987000000,USD,3314000000,1056000000,136000000,10-Q,2018-09-29,3,2018,289000000,0,738000000,1167000000,1033000000,0,836000000,368000000,313000000,701000000,177000000,318000000,1207000000,2018-10-31,-7474000000,1125000000,313000000,AMD,4347000000,1878000000,3222000000,-67000000,BALANCE_SHEET,AMD,quarterly,1538179200000,1612292414000
995000000,,972000000,USD,3099000000,983000000,223000000,10-Q,2018-06-30,2,2018,289000000,0,750000000,1170000000,1004000000,0,590000000,363000000,248000000,650000000,186000000,295000000,1118000000,2018-08-02,-7576000000,879000000,248000000,AMD,4103000000,1868000000,3224000000,-109000000,BALANCE_SHEET,AMD,quarterly,1530316800000,1612292415000
830000000,,968000000,USD,2751000000,1045000000,223000000,10-Q,2018-03-31,1,2018,289000000,0,715000000,1165000000,1012000000,0,426000000,376000000,253000000,644000000,186000000,290000000,738000000,2018-05-03,-7692000000,715000000,253000000,AMD,3763000000,1697000000,3048000000,-108000000,BALANCE_SHEET,AMD,quarterly,1522454400000,1612292415000
796000000,,967000000,USD,2622000000,1187000000,70000000,10-K,2017-12-30,4,2017,289000000,239000000,739000000,1325000000,918000000,0,83000000,71000000,296000000,620000000,118000000,261000000,400000000,2018-02-27,-7760000000,611000000,296000000,AMD,3540000000,1486000000,2929000000,-108000000,BALANCE_SHEET,AMD,quarterly,1514592000000,1612292415000
916000000,,957000000,USD,2699000000,879000000,70000000,10-Q,2017-09-30,3,2017,289000000,0,794000000,1356000000,887000000,0,231000000,305000000,255000000,605000000,119000000,236000000,771000000,2017-11-02,-7821000000,520000000,255000000,AMD,3586000000,1591000000,3066000000,-108000000,BALANCE_SHEET,AMD,quarterly,1506729600000,1612292415000
857000000,,945000000,USD,2511000000,844000000,42000000,10-Q,2017-07-01,2,2017,289000000,0,833000000,1375000000,859000000,0,128000000,312000000,220000000,550000000,129000000,200000000,614000000,2017-08-03,-7892000000,417000000,220000000,AMD,3370000000,1449000000,2953000000,-105000000,BALANCE_SHEET,AMD,quarterly,1498867200000,1612292415000
858000000,,939000000,USD,2498000000,943000000,0,10-Q,2017-04-01,1,2017,289000000,0,839000000,1408000000,801000000,0,120000000,274000000,222000000,514000000,110000000,180000000,494000000,2017-05-08,-7876000000,409000000,222000000,AMD,3299000000,1372000000,2890000000,-99000000,BALANCE_SHEET,AMD,quarterly,1491004800000,1612292415000
695000000,,938000000,USD,2530000000,1264000000,0,10-K,2016-12-31,4,2016,289000000,232000000,751000000,1435000000,791000000,0,-105000000,47000000,204000000,651000000,124000000,164000000,311000000,2017-02-21,-7803000000,416000000,204000000,AMD,3321000000,1346000000,2905000000,-119000000,BALANCE_SHEET,AMD,quarterly,1483142400000,1612292415000
1010000000,,815000000,USD,2824000000,1258000000,0,10-Q,2016-09-24,3,2016,289000000,0,772000000,1632000000,792000000,0,96000000,282000000,154000000,463000000,126000000,161000000,640000000,2016-10-26,-7752000000,385000000,154000000,AMD,3616000000,1473000000,3231000000,-127000000,BALANCE_SHEET,AMD,quarterly,1474675200000,1612292415000
860000000,,794000000,USD,2506000000,957000000,226000000,10-Q,2016-06-25,2,2016,289000000,0,743000000,2012000000,810000000,0,-702000000,290000000,135000000,495000000,136000000,169000000,671000000,2016-07-26,-7346000000,-413000000,135000000,AMD,3316000000,1581000000,3729000000,-125000000,BALANCE_SHEET,AMD,quarterly,1466812800000,1612292416000
557000000,,793000000,USD,2226000000,716000000,230000000,10-Q,2016-03-26,1,2016,278000000,0,675000000,2006000000,755000000,0,-781000000,301000000,327000000,541000000,150000000,176000000,508000000,2016-04-28,-7415000000,-503000000,327000000,AMD,2981000000,1328000000,3484000000,-123000000,BALANCE_SHEET,AMD,quarterly,1458950400000,1612292416000
524000000,,792000000,USD,2320000000,785000000,230000000,10-K,2015-12-26,4,2015,278000000,189000000,678000000,2032000000,789000000,0,-879000000,134000000,141000000,649000000,86000000,188000000,533000000,2016-02-18,-7306000000,-412000000,141000000,AMD,3109000000,1403000000,3521000000,-123000000,BALANCE_SHEET,AMD,quarterly,1451088000000,1612292416000
614000000,,785000000,USD,2466000000,755000000,230000000,10-Q,2015-09-26,3,2015,283000000,0,761000000,2030000000,763000000,0,-619000000,286000000,146000000,605000000,86000000,194000000,648000000,2015-11-03,-7204000000,-336000000,146000000,AMD,3229000000,1449000000,3565000000,-122000000,BALANCE_SHEET,AMD,quarterly,1443225600000,1612292416000
651000000,,778000000,USD,2451000000,829000000,235000000,10-Q,2015-06-27,2,2015,320000000,0,799000000,2034000000,930000000,0,-461000000,321000000,136000000,513000000,89000000,289000000,687000000,2015-07-30,-7007000000,-141000000,136000000,AMD,3381000000,1399000000,3522000000,-121000000,BALANCE_SHEET,AMD,quarterly,1435363200000,1612292416000
502000000,,777000000,USD,2497000000,906000000,235000000,10-Q,2015-03-28,1,2015,320000000,0,688000000,2033000000,931000000,0,-303000000,314000000,132000000,555000000,86000000,297000000,771000000,2015-04-29,-6826000000,17000000,132000000,AMD,3428000000,1292000000,3411000000,-120000000,BALANCE_SHEET,AMD,quarterly,1427500800000,1612292416000
12770000000,,7555000000,USD,173973000000,131968000000,5387000000,10-Q,2020-12-31,2,2021,44219000000,6555000000,1924000000,55136000000,130164000000,0,79462000000,13561000000,12769000000,49329000000,42230000000,51737000000,27312000000,2021-01-26,44973000000,130236000000,12769000000,MSFT,304137000000,67486000000,173901000000,0,BALANCE_SHEET,MSFT,quarterly,1609372800000,1611841597000
12509000000,,7566000000,USD,177077000000,137977000000,6497000000,10-Q,2020-09-30,1,2021,43890000000,6923000000,2705000000,57055000000,123924000000,0,72579000000,13034000000,13544000000,51050000000,42558000000,47927000000,22851000000,2020-10-27,39193000000,123392000000,13544000000,MSFT,301001000000,70056000000,177609000000,0,BALANCE_SHEET,MSFT,quarterly,1601424000000,1611841597000
12530000000,,7583000000,USD,181915000000,136527000000,3749000000,10-K,2020-06-30,4,2020,43351000000,7038000000,1895000000,59578000000,119396000000,0,67915000000,13138000000,11482000000,56031000000,43244000000,44151000000,32011000000,2020-07-31,34566000000,118304000000,11482000000,MSFT,301311000000,72310000000,183007000000,0,BALANCE_SHEET,MSFT,quarterly,1593475200000,1611841597000
9246000000,,7602000000,USD,170505000000,137626000000,3748000000,10-Q,2020-03-31,3,2020,42064000000,6855000000,1644000000,62862000000,114944000000,0,65582000000,13696000000,8536000000,45713000000,41946000000,41221000000,22699000000,2020-04-29,32012000000,114501000000,8536000000,MSFT,285449000000,58707000000,170948000000,0,BALANCE_SHEET,MSFT,quarterly,1585612800000,1611841597000
8811000000,,7621000000,USD,167074000000,134253000000,6247000000,10-Q,2019-12-31,2,2020,42248000000,7126000000,1823000000,63361000000,115720000000,0,60735000000,14630000000,7473000000,44582000000,42290000000,40522000000,23525000000,2020-01-29,30739000000,110109000000,7473000000,MSFT,282794000000,59640000000,172685000000,0,BALANCE_SHEET,MSFT,quarterly,1577750400000,1611841597000
8574000000,,7634000000,USD,165896000000,136636000000,3017000000,10-Q,2019-09-30,1,2020,42113000000,7508000000,2622000000,66478000000,113059000000,0,56440000000,14455000000,7551000000,46527000000,41405000000,38409000000,19087000000,2019-10-23,27240000000,106061000000,7551000000,MSFT,278955000000,58118000000,172894000000,0,BALANCE_SHEET,MSFT,quarterly,1569801600000,1611841597000
9382000000,,7655000000,USD,175552000000,133819000000,5516000000,10-K,2019-06-30,4,2019,42026000000,7750000000,2063000000,66662000000,111004000000,0,52554000000,14723000000,10146000000,54522000000,41723000000,36477000000,29524000000,2019-08-01,24150000000,102330000000,10146000000,MSFT,286556000000,69420000000,184226000000,0,BALANCE_SHEET,MSFT,quarterly,1561852800000,1611841597000
7544000000,,7672000000,USD,159887000000,131618000000,6515000000,10-Q,2019-03-31,3,2019,41861000000,8103000000,1951000000,66585000000,103394000000,0,44900000000,10258000000,7049000000,39802000000,40161000000,33648000000,19269000000,2019-04-24,18338000000,94864000000,7049000000,MSFT,263281000000,53861000000,168417000000,0,BALANCE_SHEET,MSFT,quarterly,1553990400000,1611841597000
7563000000,,7692000000,USD,156874000000,127662000000,3516000000,10-Q,2018-12-31,2,2019,41577000000,8482000000,1961000000,69653000000,101985000000,0,42069000000,10129000000,7571000000,39239000000,39015000000,32717000000,19680000000,2019-01-30,16585000000,92128000000,7571000000,MSFT,258859000000,50318000000,166731000000,0,BALANCE_SHEET,MSFT,quarterly,1546214400000,1611841597000
8511000000,,7673000000,USD,164195000000,135880000000,6497000000,10-Q,2018-09-30,1,2019,35855000000,7579000000,3614000000,69733000000,93424000000,0,42533000000,9792000000,7311000000,41269000000,38013000000,31430000000,17390000000,2018-10-24,17279000000,85967000000,7311000000,MSFT,257619000000,56277000000,171652000000,0,BALANCE_SHEET,MSFT,quarterly,1538265600000,1611841597000
8617000000,,7684000000,USD,169662000000,133768000000,3998000000,10-K,2018-06-30,4,2018,35683000000,8053000000,2662000000,72242000000,89186000000,0,38982000000,7442000000,6751000000,45873000000,39291000000,29460000000,26481000000,2018-08-03,13682000000,82718000000,6751000000,MSFT,258848000000,58488000000,176130000000,0,BALANCE_SHEET,MSFT,quarterly,1530316800000,1611841597000
7623000000,,7698000000,USD,156659000000,132270000000,3677000000,10-Q,2018-03-31,3,2018,35582000000,8544000000,2084000000,73480000000,88838000000,0,35113000000,7106000000,5097000000,34833000000,38477000000,27929000000,17208000000,2018-04-26,9974000000,79239000000,5097000000,MSFT,245497000000,46133000000,166258000000,0,BALANCE_SHEET,MSFT,quarterly,1522454400000,1611841597000
7850000000,,7710000000,USD,167633000000,142780000000,15912000000,10-Q,2017-12-31,2,2018,35355000000,9034000000,2003000000,73348000000,88370000000,0,33971000000,6967000000,4422000000,34337000000,37370000000,26304000000,18428000000,2018-01-31,8567000000,78360000000,4422000000,MSFT,256003000000,58099000000,177643000000,0,BALANCE_SHEET,MSFT,quarterly,1514678400000,1611841598000
6866000000,,7708000000,USD,161031000000,138471000000,9220000000,10-Q,2017-09-30,1,2018,35389000000,9598000000,3211000000,76255000000,88066000000,0,44660000000,6083000000,4788000000,35529000000,20299000000,24809000000,14561000000,2017-10-26,19702000000,89647000000,4788000000,MSFT,249097000000,51615000000,159450000000,0,BALANCE_SHEET,MSFT,quarterly,1506729600000,1611841598000
7390000000,,7715000000,USD,159851000000,132981000000,10121000000,10-K,2017-06-30,4,2017,35122000000,10106000000,2181000000,76073000000,81235000000,0,27166000000,6250000000,4897000000,47016000000,27561000000,23734000000,19792000000,2017-08-02,2648000000,72394000000,4897000000,MSFT,241086000000,64527000000,168692000000,0,BALANCE_SHEET,MSFT,quarterly,1498780800000,1611841598000
6217000000,,7725000000,USD,146313000000,126018000000,7786000000,10-Q,2017-03-31,3,2017,34668000000,10547000000,1979000000,76222000000,78704000000,0,24514000000,4146000000,5434000000,38002000000,26596000000,21962000000,12882000000,2017-04-27,531000000,69729000000,5434000000,MSFT,225017000000,52005000000,155288000000,0,BALANCE_SHEET,MSFT,quarterly,1490918400000,1611841598000
6580000000,,7755000000,USD,144949000000,122781000000,25664000000,10-Q,2016-12-31,2,2017,34524000000,11001000000,1961000000,59306000000,79661000000,0,23284000000,3845000000,5864000000,38543000000,24575000000,21379000000,14343000000,2017-01-26,120000000,68809000000,5864000000,MSFT,224610000000,70787000000,155801000000,0,BALANCE_SHEET,MSFT,quarterly,1483142400000,1611841598000
6296000000,,7789000000,USD,157909000000,136932000000,14536000000,10-Q,2016-09-30,1,2017,17907000000,3522000000,3122000000,60154000000,54615000000,0,48943000000,3476000000,6726000000,37978000000,21624000000,19224000000,11129000000,2016-10-20,944000000,70372000000,6726000000,MSFT,212524000000,58810000000,142152000000,0,BALANCE_SHEET,MSFT,quarterly,1475193600000,1611841598000
6898000000,,7845000000,USD,139660000000,113240000000,12904000000,10-K,2016-06-30,4,2016,17872000000,3733000000,2251000000,40783000000,54034000000,0,50392000000,3642000000,5892000000,39555000000,20081000000,18356000000,18277000000,2016-07-28,2282000000,71997000000,5892000000,MSFT,193694000000,59357000000,121697000000,0,BALANCE_SHEET,MSFT,quarterly,1467244800000,1611841598000
6759000000,,7895000000,USD,128421000000,105552000000,5498000000,10-Q,2016-03-31,3,2016,17948000000,4459000000,2450000000,40896000000,53448000000,0,52399000000,2895000000,6598000000,32097000000,19139000000,16831000000,12247000000,2016-04-21,4954000000,74806000000,6598000000,MSFT,181869000000,44354000000,107063000000,0,BALANCE_SHEET,MSFT,quarterly,1459382400000,1611841598000
6936000000,,7964000000,USD,127812000000,102640000000,3750000000,10-Q,2015-12-31,2,2016,17436000000,4619000000,2702000000,40679000000,52286000000,0,54725000000,2928000000,6345000000,31957000000,17802000000,15789000000,14507000000,2016-01-28,6728000000,76780000000,6345000000,MSFT,180098000000,42643000000,103318000000,0,BALANCE_SHEET,MSFT,quarterly,1451520000000,1611841598000
6630000000,,7996000000,USD,121656000000,99355000000,10748000000,10-Q,2015-09-30,1,2016,17142000000,4745000000,3816000000,27819000000,51240000000,0,55558000000,2869000000,5594000000,32021000000,16064000000,15046000000,11444000000,2015-10-22,7614000000,77445000000,5594000000,MSFT,172896000000,49399000000,95451000000,0,BALANCE_SHEET,MSFT,quarterly,1443571200000,1611841598000
6591000000,,8064000000,USD,124712000000,96526000000,7484000000,10-K,2015-06-30,4,2015,16939000000,4835000000,2902000000,27808000000,51511000000,0,58309000000,2953000000,5461000000,35783000000,15639000000,14731000000,17908000000,2015-07-31,9096000000,80083000000,5461000000,MSFT,176223000000,49858000000,96140000000,0,BALANCE_SHEET,MSFT,quarterly,1435622400000,1611841598000
6690000000,,8167000000,USD,118398000000,95438000000,4224000000,10-Q,2015-03-31,3,2015,21728000000,6963000000,2469000000,27644000000,58285000000,0,61441000000,3200000000,6376000000,29834000000,15240000000,14375000000,12427000000,2015-04-23,18186000000,90132000000,6376000000,MSFT,176683000000,40748000000,86551000000,0,BALANCE_SHEET,MSFT,quarterly,1427760000000,1611841598000
